match_id,raw_filename,clip_number,description,clip_start_sec,clip_end_sec,peak_time_sec,peak_score,label_start_sec,label_end_sec
1,mens-a-v-dorset-2025-01-19.mp4,6,Goal,1284,1301.03,1294.56,0.7502,1293.06,1296.06
1,mens-a-v-dorset-2025-01-19.mp4,11,Goal,1916,1926.02,1921.92,0.5694,1920.42,1923.42
1,mens-a-v-dorset-2025-01-19.mp4,13,Goal,2067,2078.02,2075.04,0.7357,2073.54,2076.54
1,mens-a-v-dorset-2025-01-19.mp4,18,Goal,2499,2515.01,2511.84,0.4126,2510.34,2513.34
1,mens-a-v-dorset-2025-01-19.mp4,19,Goal,2567,2583.02,2579.04,0.2428,2577.54,2580.54
1,mens-a-v-dorset-2025-01-19.mp4,22,Goal,3833,3842.01,3838.56,0.9718,3837.06,3840.06
1,mens-a-v-dorset-2025-01-19.mp4,23,Goal,3914,3933.03,3929.76,0.4246,3928.26,3931.26
1,mens-a-v-dorset-2025-01-19.mp4,24,Goal,3958,3975.02,3972.96,0.2326,3971.46,3974.46
1,mens-a-v-dorset-2025-01-19.mp4,25,Goal,4155,4174.02,4169.28,0.279,4167.78,4170.78
1,mens-a-v-dorset-2025-01-19.mp4,27,Goal,4413,4419.01,4416.0,0.6342,4414.5,4417.5
1,mens-a-v-dorset-2025-01-19.mp4,29,Goal,4505,4529.02,4512.96,0.5907,4511.46,4514.46
1,mens-a-v-dorset-2025-01-19.mp4,31,Goal,4627,4640.0,4637.76,0.7022,4636.26,4639.26
1,mens-a-v-dorset-2025-01-19.mp4,36,Goal,5078,5086.02,5083.68,0.2888,5082.18,5085.18
1,mens-a-v-dorset-2025-01-19.mp4,38,Goal,5655,5674.01,5669.76,0.3876,5668.26,5671.26
1,mens-a-v-dorset-2025-01-19.mp4,40,Goal,5895,5909.01,5910.72,0.2094,5909.22,5912.22
2,mens-a-v-dynamo-tekkers-2024-12-15.mp4,3,Goal,1126,1146.01,1144.32,0.6124,1142.82,1145.82
2,mens-a-v-dynamo-tekkers-2024-12-15.mp4,4,Goal,1416,1432.03,1431.36,0.1836,1429.86,1432.86
2,mens-a-v-dynamo-tekkers-2024-12-15.mp4,5,Goal,1865,1877.01,1872.96,0.2588,1871.46,1874.46
2,mens-a-v-dynamo-tekkers-2024-12-15.mp4,6,Goal,1989,1997.03,1993.92,0.1449,1992.42,1995.42
2,mens-a-v-dynamo-tekkers-2024-12-15.mp4,9,Goal,2437,2455.02,2450.88,0.2745,2449.38,2452.38
2,mens-a-v-dynamo-tekkers-2024-12-15.mp4,10,Goal,2508,2518.02,2514.72,0.3769,2513.22,2516.22
2,mens-a-v-dynamo-tekkers-2024-12-15.mp4,12,Goal,2869,2884.01,2869.44,0.1933,2867.94,2870.94
2,mens-a-v-dynamo-tekkers-2024-12-15.mp4,15,Goal,3170,3183.02,3181.92,0.2635,3180.42,3183.42
2,mens-a-v-dynamo-tekkers-2024-12-15.mp4,18,Goal,4144,4154.02,4149.12,0.2496,4147.62,4150.62
2,mens-a-v-dynamo-tekkers-2024-12-15.mp4,20,Goal,4390,4399.03,4395.36,0.3426,4393.86,4396.86
2,mens-a-v-dynamo-tekkers-2024-12-15.mp4,21,Goal,4793,4809.0,4807.68,0.3905,4806.18,4809.18
2,mens-a-v-dynamo-tekkers-2024-12-15.mp4,22,Goal,5379,5389.02,5387.04,0.5466,5385.54,5388.54
2,mens-a-v-dynamo-tekkers-2024-12-15.mp4,24,Goal,5642,5657.02,5654.88,0.1859,5653.38,5656.38
2,mens-a-v-dynamo-tekkers-2024-12-15.mp4,25,Goal,6055,6062.02,6059.04,0.8879,6057.54,6060.54
2,mens-a-v-dynamo-tekkers-2024-12-15.mp4,27,Goal,6423,6435.03,6432.48,0.2312,6430.98,6433.98
2,mens-a-v-dynamo-tekkers-2024-12-15.mp4,28,Goal,6646,6659.02,6659.04,0.2102,6657.54,6660.54
5,mens-a-v-portsmouth-2025-02-02.mp4,6,Goal,894,905.0,901.92,0.6655,900.42,903.42
5,mens-a-v-portsmouth-2025-02-02.mp4,8,Goal,946,961.03,959.04,0.3706,957.54,960.54
5,mens-a-v-portsmouth-2025-02-02.mp4,12,Goal,1378,1395.03,1388.64,0.6303,1387.14,1390.14
5,mens-a-v-portsmouth-2025-02-02.mp4,14,Goal,1465,1481.01,1475.52,0.6358,1474.02,1477.02
5,mens-a-v-portsmouth-2025-02-02.mp4,15,Goal,1621,1639.02,1635.36,0.986,1633.86,1636.86
5,mens-a-v-portsmouth-2025-02-02.mp4,22,Goal,2230,2255.02,2251.68,1.0336,2250.18,2253.18
5,mens-a-v-portsmouth-2025-02-02.mp4,23,Goal,2269,2288.02,2279.04,0.4618,2277.54,2280.54
5,mens-a-v-portsmouth-2025-02-02.mp4,24,Goal,2298,2321.02,2301.12,0.2733,2299.62,2302.62
5,mens-a-v-portsmouth-2025-02-02.mp4,27,Goal,3589,3600.03,3595.68,0.3795,3594.18,3597.18
5,mens-a-v-portsmouth-2025-02-02.mp4,34,Goal,4607,4624.02,4620.48,0.7454,4618.98,4621.98
5,mens-a-v-portsmouth-2025-02-02.mp4,37,Goal,5273,5295.02,5287.2,0.4414,5285.7,5288.7
5,mens-a-v-portsmouth-2025-02-02.mp4,38,Goal,5304,5331.03,5323.2,0.1537,5321.7,5324.7
6,mens-a-v-sporting-southend-2026-04-26.mp4,10,Goal,2624,2637.01,2634.72,0.6381,2633.22,2636.22
6,mens-a-v-sporting-southend-2026-04-26.mp4,12,Goal,2705,2720.02,2717.28,0.4898,2715.78,2718.78
6,mens-a-v-sporting-southend-2026-04-26.mp4,21,Goal,3470,3496.03,3490.08,0.3951,3488.58,3491.58
6,mens-a-v-sporting-southend-2026-04-26.mp4,23,Goal,3720,3730.03,3726.72,0.5393,3725.22,3728.22
6,mens-a-v-sporting-southend-2026-04-26.mp4,32,Goal,5517,5533.03,5532.96,0.4173,5531.46,5534.46
6,mens-a-v-sporting-southend-2026-04-26.mp4,34,Goal,5608,5615.02,5615.52,0.4709,5614.02,5617.02
6,mens-a-v-sporting-southend-2026-04-26.mp4,38,Goal,5946,5969.03,5967.84,0.8356,5966.34,5969.34
6,mens-a-v-sporting-southend-2026-04-26.mp4,44,Goal,6535,6565.03,6561.12,0.8131,6559.62,6562.62
6,mens-a-v-sporting-southend-2026-04-26.mp4,52,Goal,7618,7636.03,7635.36,0.9315,7633.86,7636.86
6,mens-a-v-sporting-southend-2026-04-26.mp4,53,Goal,7678,7692.02,7691.52,0.8699,7690.02,7693.02
6,mens-a-v-sporting-southend-2026-04-26.mp4,54,Goal,7740,7765.02,7764.48,0.3024,7762.98,7765.98
6,mens-a-v-sporting-southend-2026-04-26.mp4,55,Goal,7811,7827.02,7825.92,1.1332,7824.42,7827.42
7,mens-a-v-wessex-b-2024-10-06.mp4,3,Goal,607,616.02,619.2,0.0979,617.7,620.7
7,mens-a-v-wessex-b-2024-10-06.mp4,5,Goal,980,987.02,986.4,0.4018,984.9,987.9
7,mens-a-v-wessex-b-2024-10-06.mp4,7,Goal,1442,1461.03,1451.52,0.0407,1450.02,1453.02
7,mens-a-v-wessex-b-2024-10-06.mp4,8,Goal,1496,1513.01,1509.6,0.0244,1508.1,1511.1
7,mens-a-v-wessex-b-2024-10-06.mp4,10,Goal,1648,1678.02,1662.24,0.3176,1660.74,1663.74
7,mens-a-v-wessex-b-2024-10-06.mp4,16,Goal,3303,3318.02,3314.4,0.3672,3312.9,3315.9
7,mens-a-v-wessex-b-2024-10-06.mp4,19,Goal,3582,3589.02,3588.0,0.1909,3586.5,3589.5
7,mens-a-v-wessex-b-2024-10-06.mp4,21,Goal,3918,3936.03,3934.08,0.2792,3932.58,3935.58
7,mens-a-v-wessex-b-2024-10-06.mp4,24,Goal,4274,4291.02,4292.16,0.4968,4290.66,4293.66
7,mens-a-v-wessex-b-2024-10-06.mp4,29,Goal,4874,4888.02,4884.48,0.3141,4882.98,4885.98
7,mens-a-v-wessex-b-2024-10-06.mp4,30,Goal,5044,5061.02,5061.12,0.2265,5059.62,5062.62
8,mens-a-v-bloomsbury-b-2025-11-02.mp4,3,Goal,219,235.01,234.24,0.5128,232.74,235.74
8,mens-a-v-bloomsbury-b-2025-11-02.mp4,13,Goal,1426,1437.01,1429.92,0.3268,1428.42,1431.42
8,mens-a-v-bloomsbury-b-2025-11-02.mp4,18,Goal,1995,2012.01,2008.8,0.6575,2007.3,2010.3
8,mens-a-v-bloomsbury-b-2025-11-02.mp4,20,Goal,2193,2203.01,2200.8,0.7251,2199.3,2202.3
8,mens-a-v-bloomsbury-b-2025-11-02.mp4,32,Goal,4219,4237.03,4233.12,0.5055,4231.62,4234.62
8,mens-a-v-bloomsbury-b-2025-11-02.mp4,34,Goal,4359,4380.01,4373.76,0.529,4372.26,4375.26
8,mens-a-v-bloomsbury-b-2025-11-02.mp4,37,Goal,4796,4806.02,4801.44,0.6177,4799.94,4802.94
8,mens-a-v-bloomsbury-b-2025-11-02.mp4,39,Goal,5007,5027.02,5022.72,0.3079,5021.22,5024.22
9,mens-a-v-cambridge-2025-10-12.mp4,3,Goal,230,250.02,250.56,0.1549,249.06,252.06
9,mens-a-v-cambridge-2025-10-12.mp4,9,Goal,768,793.03,789.12,0.9442,787.62,790.62
9,mens-a-v-cambridge-2025-10-12.mp4,17,Goal,1291,1311.02,1290.24,0.9784,1288.74,1291.74
9,mens-a-v-cambridge-2025-10-12.mp4,18,Goal,1332,1353.02,1345.44,0.2592,1343.94,1346.94
9,mens-a-v-cambridge-2025-10-12.mp4,38,Goal,3615,3636.03,3614.4,0.2135,3612.9,3615.9
9,mens-a-v-cambridge-2025-10-12.mp4,43,Goal,4466,4483.01,4465.44,0.089,4463.94,4466.94
9,mens-a-v-cambridge-2025-10-12.mp4,51,Goal,5045,5055.02,5052.96,0.8411,5051.46,5054.46
9,mens-a-v-cambridge-2025-10-12.mp4,53,Goal,5333,5351.02,5348.64,0.9835,5347.14,5350.14
9,mens-a-v-cambridge-2025-10-12.mp4,56,Goal,5551,5569.03,5566.08,0.1425,5564.58,5567.58
11,mens-a-v-lifc-2025-04-06.mp4,2,Goal,254,269.01,266.4,0.8879,264.9,267.9
11,mens-a-v-lifc-2025-04-06.mp4,3,Goal,450,480.01,476.16,0.8921,474.66,477.66
11,mens-a-v-lifc-2025-04-06.mp4,7,Goal,880,887.02,884.64,1.1127,883.14,886.14
11,mens-a-v-lifc-2025-04-06.mp4,14,Goal,1492,1515.01,1511.52,1.0392,1510.02,1513.02
11,mens-a-v-lifc-2025-04-06.mp4,16,Goal,1645,1663.03,1658.88,0.2788,1657.38,1660.38
11,mens-a-v-lifc-2025-04-06.mp4,17,Goal,1686,1719.02,1714.08,1.0018,1712.58,1715.58
11,mens-a-v-lifc-2025-04-06.mp4,23,Goal,3072,3088.02,3084.96,0.7581,3083.46,3086.46
11,mens-a-v-lifc-2025-04-06.mp4,24,Goal,3238,3256.02,3252.0,0.1489,3250.5,3253.5
11,mens-a-v-lifc-2025-04-06.mp4,25,Goal,3305,3332.03,3326.88,0.5525,3325.38,3328.38
11,mens-a-v-lifc-2025-04-06.mp4,29,Goal,3567,3589.02,3583.68,0.5092,3582.18,3585.18
11,mens-a-v-lifc-2025-04-06.mp4,37,Goal,4143,4164.03,4160.16,0.3532,4158.66,4161.66
11,mens-a-v-lifc-2025-04-06.mp4,44,Goal,4769,4781.01,4777.92,0.9837,4776.42,4779.42
12,mens-a-v-lifc-2025-09-28.mp4,7,Goal,633,642.01,639.84,0.9328,638.34,641.34
12,mens-a-v-lifc-2025-09-28.mp4,10,Goal,945,955.02,955.2,1.0204,953.7,956.7
12,mens-a-v-lifc-2025-09-28.mp4,11,Goal,988,996.03,998.88,0.593,997.38,1000.38
12,mens-a-v-lifc-2025-09-28.mp4,26,Goal,2640,2653.02,2649.12,0.2054,2647.62,2650.62
12,mens-a-v-lifc-2025-09-28.mp4,36,Goal,4262,4272.0,4270.08,0.8118,4268.58,4271.58
12,mens-a-v-lifc-2025-09-28.mp4,38,Goal,4568,4577.01,4573.92,0.9218,4572.42,4575.42
13,mens-a-v-lifc-2026-03-15.mp4,5,Goal,602,621.02,615.36,0.5811,613.86,616.86
13,mens-a-v-lifc-2026-03-15.mp4,14,Goal,1214,1226.02,1221.6,0.601,1220.1,1223.1
13,mens-a-v-lifc-2026-03-15.mp4,15,Goal,1341,1353.02,1349.76,0.8541,1348.26,1351.26
13,mens-a-v-lifc-2026-03-15.mp4,29,Goal,3165,3183.02,3178.56,0.7252,3177.06,3180.06
13,mens-a-v-lifc-2026-03-15.mp4,32,Goal,3291,3314.01,3306.24,0.5618,3304.74,3307.74
13,mens-a-v-lifc-2026-03-15.mp4,41,Goal,3726,3750.02,3745.92,0.2025,3744.42,3747.42
13,mens-a-v-lifc-2026-03-15.mp4,53,Goal,5064,5080.01,5073.6,0.467,5072.1,5075.1
13,mens-a-v-lifc-2026-03-15.mp4,55,Goal,5120,5135.03,5130.72,0.3311,5129.22,5132.22
13,mens-a-v-lifc-2026-03-15.mp4,58,Goal,5301,5315.01,5312.16,0.6663,5310.66,5313.66
14,mens-a-v-southampton-athletic-2025-10-05.mp4,10,Goal,1343,1355.02,1350.24,0.1767,1348.74,1351.74
14,mens-a-v-southampton-athletic-2025-10-05.mp4,14,Goal,1702,1717.02,1713.12,0.7364,1711.62,1714.62
14,mens-a-v-southampton-athletic-2025-10-05.mp4,17,Goal,1831,1846.02,1838.88,0.5517,1837.38,1840.38
14,mens-a-v-southampton-athletic-2025-10-05.mp4,21,Goal,2184,2201.03,2198.88,0.6498,2197.38,2200.38
14,mens-a-v-southampton-athletic-2025-10-05.mp4,23,Goal,2338,2348.01,2348.16,0.4115,2346.66,2349.66
14,mens-a-v-southampton-athletic-2025-10-05.mp4,37,Goal,4345,4356.02,4352.64,1.2339,4351.14,4354.14
14,mens-a-v-southampton-athletic-2025-10-05.mp4,39,Goal,4536,4544.01,4541.28,0.8551,4539.78,4542.78
14,mens-a-v-southampton-athletic-2025-10-05.mp4,51,Goal,6110,6133.03,6123.36,0.8941,6121.86,6124.86
15,mens-a-v-west-london-2025-09-14.mp4,3,Goal,270,292.03,285.12,1.175,283.62,286.62
15,mens-a-v-west-london-2025-09-14.mp4,7,Goal,846,856.02,850.08,1.0311,848.58,851.58
15,mens-a-v-west-london-2025-09-14.mp4,9,Goal,1020,1037.01,1032.96,0.6285,1031.46,1034.46
15,mens-a-v-west-london-2025-09-14.mp4,12,Goal,1339,1360.03,1357.92,0.9737,1356.42,1359.42
15,mens-a-v-west-london-2025-09-14.mp4,18,Goal,1874,1891.02,1883.52,1.107,1882.02,1885.02
15,mens-a-v-west-london-2025-09-14.mp4,31,Goal,3606,3617.01,3616.32,0.4834,3614.82,3617.82
15,mens-a-v-west-london-2025-09-14.mp4,36,Goal,3823,3839.02,3837.12,0.9297,3835.62,3838.62
15,mens-a-v-west-london-2025-09-14.mp4,39,Goal,3952,3973.01,3968.64,0.9855,3967.14,3970.14
15,mens-a-v-west-london-2025-09-14.mp4,49,Goal,5005,5015.02,5010.72,0.4162,5009.22,5012.22
16,mens-b-v-aztecs-2026-01-25.mp4,8,Goal,710,724.02,720.48,0.4838,718.98,721.98
16,mens-b-v-aztecs-2026-01-25.mp4,13,Goal,1046,1066.03,1066.08,0.181,1064.58,1067.58
16,mens-b-v-aztecs-2026-01-25.mp4,25,Goal,3266,3275.01,3269.76,0.2677,3268.26,3271.26
16,mens-b-v-aztecs-2026-01-25.mp4,28,Goal,3471,3479.02,3475.68,0.3802,3474.18,3477.18
16,mens-b-v-aztecs-2026-01-25.mp4,30,Goal,3645,3665.03,3655.68,0.2785,3654.18,3657.18
16,mens-b-v-aztecs-2026-01-25.mp4,32,Goal,3934,3951.02,3948.96,0.2505,3947.46,3950.46
16,mens-b-v-aztecs-2026-01-25.mp4,34,Goal,4415,4434.03,4430.88,0.2224,4429.38,4432.38
16,mens-b-v-aztecs-2026-01-25.mp4,35,Goal,4481,4494.02,4489.92,0.4491,4488.42,4491.42
16,mens-b-v-aztecs-2026-01-25.mp4,37,Goal,4631,4642.01,4636.8,0.1413,4635.3,4638.3
16,mens-b-v-aztecs-2026-01-25.mp4,41,Goal,5094,5104.03,5101.44,0.0736,5099.94,5102.94
16,mens-b-v-aztecs-2026-01-25.mp4,43,Goal,5174,5191.02,5188.32,0.1752,5186.82,5189.82
16,mens-b-v-aztecs-2026-01-25.mp4,45,Goal,5353,5362.02,5360.16,0.4876,5358.66,5361.66
16,mens-b-v-aztecs-2026-01-25.mp4,46,Goal,5385,5398.03,5396.16,0.0782,5394.66,5397.66
16,mens-b-v-aztecs-2026-01-25.mp4,48,Goal,5520,5530.02,5527.68,0.1792,5526.18,5529.18
16,mens-b-v-aztecs-2026-01-25.mp4,49,Goal,5669,5678.02,5676.96,0.2641,5675.46,5678.46
16,mens-b-v-aztecs-2026-01-25.mp4,50,Goal,5744,5759.02,5757.6,0.2329,5756.1,5759.1
17,mens-b-v-cayman-2025-11-09.mp4,1,Goal,49,57.02,52.8,0.3076,51.3,54.3
17,mens-b-v-cayman-2025-11-09.mp4,3,Goal,216,231.03,228.48,0.9975,226.98,229.98
17,mens-b-v-cayman-2025-11-09.mp4,4,Goal,287,304.0,299.04,0.402,297.54,300.54
17,mens-b-v-cayman-2025-11-09.mp4,9,Goal,806,824.02,821.76,0.9724,820.26,823.26
17,mens-b-v-cayman-2025-11-09.mp4,11,Goal,891,904.0,903.36,0.985,901.86,904.86
17,mens-b-v-cayman-2025-11-09.mp4,12,Goal,926,939.01,937.44,0.3338,935.94,938.94
17,mens-b-v-cayman-2025-11-09.mp4,17,Goal,1216,1235.01,1232.64,0.6455,1231.14,1234.14
17,mens-b-v-cayman-2025-11-09.mp4,24,Goal,1830,1848.01,1846.08,0.8568,1844.58,1847.58
17,mens-b-v-cayman-2025-11-09.mp4,29,Goal,3002,3019.02,3017.28,0.2777,3015.78,3018.78
17,mens-b-v-cayman-2025-11-09.mp4,34,Goal,3512,3519.02,3518.88,0.8113,3517.38,3520.38
17,mens-b-v-cayman-2025-11-09.mp4,40,Goal,4050,4059.02,4056.48,0.7738,4054.98,4057.98
17,mens-b-v-cayman-2025-11-09.mp4,43,Goal,4283,4299.03,4295.04,0.1199,4293.54,4296.54
17,mens-b-v-cayman-2025-11-09.mp4,45,Goal,4401,4428.02,4424.16,0.0884,4422.66,4425.66
18,mens-b-v-maidenhead-b-2025-12-07.mp4,2,Goal,629,647.02,642.72,0.8807,641.22,644.22
18,mens-b-v-maidenhead-b-2025-12-07.mp4,4,Goal,792,808.01,804.96,0.9825,803.46,806.46
18,mens-b-v-maidenhead-b-2025-12-07.mp4,6,Goal,1023,1040.01,1037.28,0.4682,1035.78,1038.78
18,mens-b-v-maidenhead-b-2025-12-07.mp4,11,Goal,1544,1562.03,1557.12,1.0341,1555.62,1558.62
18,mens-b-v-maidenhead-b-2025-12-07.mp4,18,Goal,2228,2245.01,2242.08,1.1696,2240.58,2243.58
18,mens-b-v-maidenhead-b-2025-12-07.mp4,19,Goal,2367,2386.02,2377.44,1.0059,2375.94,2378.94
18,mens-b-v-maidenhead-b-2025-12-07.mp4,26,Goal,3988,4007.02,4002.24,0.7924,4000.74,4003.74
18,mens-b-v-maidenhead-b-2025-12-07.mp4,33,Goal,4974,4992.02,4989.12,0.84,4987.62,4990.62
18,mens-b-v-maidenhead-b-2025-12-07.mp4,34,Goal,5001,5017.01,5014.08,0.8806,5012.58,5015.58
18,mens-b-v-maidenhead-b-2025-12-07.mp4,37,Goal,5377,5393.02,5388.96,0.2195,5387.46,5390.46
19,mens-b-v-sselite-2026-04-12.mp4,11,Goal,1174,1220.02,1213.92,0.2914,1212.42,1215.42
19,mens-b-v-sselite-2026-04-12.mp4,13,Goal,1484,1503.02,1496.64,0.5212,1495.14,1498.14
19,mens-b-v-sselite-2026-04-12.mp4,19,Goal,1983,2002.03,1996.8,0.5457,1995.3,1998.3
19,mens-b-v-sselite-2026-04-12.mp4,30,Goal,4038,4053.02,4046.4,0.4419,4044.9,4047.9
19,mens-b-v-sselite-2026-04-12.mp4,32,Goal,4175,4191.02,4188.0,0.773,4186.5,4189.5
19,mens-b-v-sselite-2026-04-12.mp4,45,Goal,5021,5040.0,5035.2,0.1649,5033.7,5036.7
19,mens-b-v-sselite-2026-04-12.mp4,47,Goal,5120,5128.02,5124.48,0.0753,5122.98,5125.98
19,mens-b-v-sselite-2026-04-12.mp4,49,Goal,5304,5323.02,5319.36,0.3812,5317.86,5320.86
19,mens-b-v-sselite-2026-04-12.mp4,51,Goal,5400,5416.01,5413.92,0.7354,5412.42,5415.42
19,mens-b-v-sselite-2026-04-12.mp4,52,Goal,5518,5540.01,5536.8,0.5549,5535.3,5538.3
19,mens-b-v-sselite-2026-04-12.mp4,55,Goal,5726,5741.01,5740.32,1.1523,5738.82,5741.82
20,mens-b-v-sporting-united-2025-09-21.mp4,6,Goal,1221,1241.01,1239.36,0.8229,1237.86,1240.86
20,mens-b-v-sporting-united-2025-09-21.mp4,8,Goal,1414,1431.03,1433.76,0.8904,1432.26,1435.26
20,mens-b-v-sporting-united-2025-09-21.mp4,16,Goal,2046,2062.03,2061.12,0.7518,2059.62,2062.62
20,mens-b-v-sporting-united-2025-09-21.mp4,18,Goal,2298,2315.01,2314.08,0.6339,2312.58,2315.58
20,mens-b-v-sporting-united-2025-09-21.mp4,20,Goal,2356,2369.03,2365.92,0.3058,2364.42,2367.42
20,mens-b-v-sporting-united-2025-09-21.mp4,22,Goal,2443,2456.02,2454.72,0.1149,2453.22,2456.22
20,mens-b-v-sporting-united-2025-09-21.mp4,32,Goal,3703,3715.01,3713.76,0.8633,3712.26,3715.26
20,mens-b-v-sporting-united-2025-09-21.mp4,34,Goal,3825,3843.01,3840.96,1.1669,3839.46,3842.46
20,mens-b-v-sporting-united-2025-09-21.mp4,39,Goal,4244,4258.02,4255.68,0.2722,4254.18,4257.18
20,mens-b-v-sporting-united-2025-09-21.mp4,42,Goal,4468,4474.01,4471.68,0.5775,4470.18,4473.18
20,mens-b-v-sporting-united-2025-09-21.mp4,44,Goal,4527,4543.02,4542.24,0.9456,4540.74,4543.74
20,mens-b-v-sporting-united-2025-09-21.mp4,45,Goal,4610,4630.03,4625.28,1.0628,4623.78,4626.78
20,mens-b-v-sporting-united-2025-09-21.mp4,50,Goal,5189,5197.03,5194.56,0.7725,5193.06,5196.06
20,mens-b-v-sporting-united-2025-09-21.mp4,51,Goal,5446,5460.02,5455.68,0.5583,5454.18,5457.18
20,mens-b-v-sporting-united-2025-09-21.mp4,53,Goal,5582,5593.02,5598.24,0.3465,5596.74,5599.74
20,mens-b-v-sporting-united-2025-09-21.mp4,55,Goal,5772,5784.01,5778.24,1.2219,5776.74,5779.74
21,mens-b-v-wessex-b-2026-02-01.mp4,5,Goal,1410,1428.03,1421.76,0.9306,1420.26,1423.26
21,mens-b-v-wessex-b-2026-02-01.mp4,7,Goal,1550,1563.03,1560.48,0.2287,1558.98,1561.98
21,mens-b-v-wessex-b-2026-02-01.mp4,8,Goal,1657,1670.02,1653.6,0.0607,1652.1,1655.1
21,mens-b-v-wessex-b-2026-02-01.mp4,12,Goal,2051,2066.03,2062.56,0.5849,2061.06,2064.06
21,mens-b-v-wessex-b-2026-02-01.mp4,23,Goal,3106,3118.02,3114.24,0.6898,3112.74,3115.74
21,mens-b-v-wessex-b-2026-02-01.mp4,27,Goal,3389,3405.01,3402.24,1.083,3400.74,3403.74
21,mens-b-v-wessex-b-2026-02-01.mp4,29,Goal,3689,3703.03,3697.92,0.5837,3696.42,3699.42
21,mens-b-v-wessex-b-2026-02-01.mp4,36,Goal,4846,4856.02,4855.2,0.8371,4853.7,4856.7
21,mens-b-v-wessex-b-2026-02-01.mp4,38,Goal,5013,5023.02,5019.84,0.3909,5018.34,5021.34
21,mens-b-v-wessex-b-2026-02-01.mp4,46,Goal,5580,5590.02,5589.12,0.8072,5587.62,5590.62
21,mens-b-v-wessex-b-2026-02-01.mp4,50,Goal,5754,5770.03,5765.76,0.6323,5764.26,5767.26
21,mens-b-v-wessex-b-2026-02-01.mp4,52,Goal,5956,5974.02,5970.24,1.1836,5968.74,5971.74
21,mens-b-v-wessex-b-2026-02-01.mp4,60,Goal,6624,6642.01,6637.44,1.0934,6635.94,6638.94
21,mens-b-v-wessex-b-2026-02-01.mp4,61,Goal,6873,6896.02,6893.28,1.0213,6891.78,6894.78
21,mens-b-v-wessex-b-2026-02-01.mp4,64,Goal,7073,7089.02,7081.92,1.0294,7080.42,7083.42
22,mens-a-v-baku-united-2026-04-19.mp4,9,Goal,851,861.03,856.8,0.356,855.3,858.3
22,mens-a-v-baku-united-2026-04-19.mp4,12,Goal,1220,1254.02,1216.32,0.5192,1214.82,1217.82
22,mens-a-v-baku-united-2026-04-19.mp4,33,Goal,3432,3443.01,3441.12,1.0468,3439.62,3442.62
22,mens-a-v-baku-united-2026-04-19.mp4,34,Goal,3495,3512.01,3509.76,0.8562,3508.26,3511.26
22,mens-a-v-baku-united-2026-04-19.mp4,38,Goal,3966,3982.02,3979.2,0.6644,3977.7,3980.7
22,mens-a-v-baku-united-2026-04-19.mp4,39,Goal,3995,4009.0,4004.16,0.1683,4002.66,4005.66
22,mens-a-v-baku-united-2026-04-19.mp4,41,Goal,4151,4168.03,4168.32,0.2634,4166.82,4169.82
22,mens-a-v-baku-united-2026-04-19.mp4,42,Goal,4252,4264.03,4264.8,0.957,4263.3,4266.3
22,mens-a-v-baku-united-2026-04-19.mp4,49,Goal,4605,4621.02,4623.36,0.151,4621.86,4624.86
22,mens-a-v-baku-united-2026-04-19.mp4,51,Goal,4848,4864.03,4862.88,0.5484,4861.38,4864.38
22,mens-a-v-baku-united-2026-04-19.mp4,55,Goal,5206,5213.01,5216.16,0.1957,5214.66,5217.66
23,mens-a-v-bloomsbury-b-2026-01-25.mp4,12,Goal,958,968.0,963.84,0.9529,962.34,965.34
23,mens-a-v-bloomsbury-b-2026-01-25.mp4,31,Goal,3280,3295.03,3289.44,0.7052,3287.94,3290.94
23,mens-a-v-bloomsbury-b-2026-01-25.mp4,35,Goal,3544,3563.03,3561.12,0.606,3559.62,3562.62
23,mens-a-v-bloomsbury-b-2026-01-25.mp4,41,Goal,3993,4011.01,4007.52,0.7572,4006.02,4009.02
23,mens-a-v-bloomsbury-b-2026-01-25.mp4,50,Goal,4652,4663.03,4664.64,1.0217,4663.14,4666.14
23,mens-a-v-bloomsbury-b-2026-01-25.mp4,54,Goal,4805,4824.02,4821.12,0.8761,4819.62,4822.62
23,mens-a-v-bloomsbury-b-2026-01-25.mp4,58,Goal,5087,5098.03,5093.28,0.7424,5091.78,5094.78
23,mens-a-v-bloomsbury-b-2026-01-25.mp4,60,Goal,5230,5241.0,5239.68,0.2601,5238.18,5241.18
23,mens-a-v-bloomsbury-b-2026-01-25.mp4,63,Goal,5485,5511.02,5511.84,0.9184,5510.34,5513.34
24,mens-a-v-braintree-2025-11-23.mp4,9,Goal,831,848.01,849.6,0.9802,848.1,851.1
24,mens-a-v-braintree-2025-11-23.mp4,10,Goal,890,901.01,899.04,0.9667,897.54,900.54
24,mens-a-v-braintree-2025-11-23.mp4,22,Goal,1909,1927.03,1922.88,0.4316,1921.38,1924.38
24,mens-a-v-braintree-2025-11-23.mp4,24,Goal,2005,2034.03,2029.92,0.6335,2028.42,2031.42
24,mens-a-v-braintree-2025-11-23.mp4,26,Goal,2277,2297.03,2292.96,0.6209,2291.46,2294.46
24,mens-a-v-braintree-2025-11-23.mp4,39,Goal,3660,3680.01,3675.36,0.9496,3673.86,3676.86
24,mens-a-v-braintree-2025-11-23.mp4,41,Goal,3785,3804.01,3804.48,0.8231,3802.98,3805.98
24,mens-a-v-braintree-2025-11-23.mp4,46,Goal,4235,4257.02,4250.4,0.8303,4248.9,4251.9
24,mens-a-v-braintree-2025-11-23.mp4,49,Goal,4453,4472.0,4466.4,0.8851,4464.9,4467.9
24,mens-a-v-braintree-2025-11-23.mp4,60,Goal,5189,5200.03,5200.32,0.731,5198.82,5201.82
25,mens-a-v-dorset-2026-02-22.mp4,5,Goal,743,760.03,756.0,1.0746,754.5,757.5
25,mens-a-v-dorset-2026-02-22.mp4,12,Goal,1171,1188.02,1189.44,0.2683,1187.94,1190.94
25,mens-a-v-dorset-2026-02-22.mp4,14,Goal,1253,1267.03,1264.8,0.93,1263.3,1266.3
25,mens-a-v-dorset-2026-02-22.mp4,21,Goal,1933,1950.02,1946.88,0.9019,1945.38,1948.38
25,mens-a-v-dorset-2026-02-22.mp4,23,Goal,2023,2046.02,2038.08,0.5596,2036.58,2039.58
25,mens-a-v-dorset-2026-02-22.mp4,29,Goal,2506,2522.02,2520.48,0.7126,2518.98,2521.98
25,mens-a-v-dorset-2026-02-22.mp4,39,Goal,4341,4353.02,4344.96,0.4668,4343.46,4346.46
25,mens-a-v-dorset-2026-02-22.mp4,40,Goal,4417,4436.03,4431.84,0.7538,4430.34,4433.34
25,mens-a-v-dorset-2026-02-22.mp4,42,Goal,4540,4555.02,4550.4,1.1729,4548.9,4551.9
25,mens-a-v-dorset-2026-02-22.mp4,43,Goal,4567,4586.01,4578.24,0.1374,4576.74,4579.74
25,mens-a-v-dorset-2026-02-22.mp4,53,Goal,5500,5520.01,5510.4,0.3122,5508.9,5511.9
25,mens-a-v-dorset-2026-02-22.mp4,62,Goal,6187,6196.02,6192.96,0.9162,6191.46,6194.46
26,mens-a-v-mk-mavericks-2026-03-08.mp4,6,Goal,426,445.01,446.4,1.005,444.9,447.9
26,mens-a-v-mk-mavericks-2026-03-08.mp4,8,Goal,667,688.02,681.12,1.0781,679.62,682.62
26,mens-a-v-mk-mavericks-2026-03-08.mp4,14,Goal,1352,1374.02,1367.04,0.3576,1365.54,1368.54
26,mens-a-v-mk-mavericks-2026-03-08.mp4,37,Goal,4139,4154.02,4155.84,0.8692,4154.34,4157.34
26,mens-a-v-mk-mavericks-2026-03-08.mp4,41,Goal,4569,4588.02,4584.48,0.3497,4582.98,4585.98
26,mens-a-v-mk-mavericks-2026-03-08.mp4,43,Goal,4765,4777.01,4776.0,0.9697,4774.5,4777.5
26,mens-a-v-mk-mavericks-2026-03-08.mp4,45,Goal,4853,4881.01,4875.84,1.1442,4874.34,4877.34
27,mens-a-v-south-london-inspire-2025-05-11.mp4,4,Goal,202,225.03,216.96,0.9036,215.46,218.46
27,mens-a-v-south-london-inspire-2025-05-11.mp4,5,Goal,267,289.02,282.24,0.2521,280.74,283.74
27,mens-a-v-south-london-inspire-2025-05-11.mp4,7,Goal,660,685.02,679.2,0.512,677.7,680.7
27,mens-a-v-south-london-inspire-2025-05-11.mp4,11,Goal,1077,1091.02,1085.76,0.4184,1084.26,1087.26
27,mens-a-v-south-london-inspire-2025-05-11.mp4,14,Goal,1436,1458.02,1452.48,0.4479,1450.98,1453.98
27,mens-a-v-south-london-inspire-2025-05-11.mp4,20,Goal,1824,1841.01,1833.12,0.578,1831.62,1834.62
27,mens-a-v-south-london-inspire-2025-05-11.mp4,30,Goal,3577,3599.03,3591.84,1.1192,3590.34,3593.34
27,mens-a-v-south-london-inspire-2025-05-11.mp4,41,Goal,4573,4600.03,4595.04,0.191,4593.54,4596.54
27,mens-a-v-south-london-inspire-2025-05-11.mp4,44,Goal,4887,4912.01,4903.2,0.8285,4901.7,4904.7
27,mens-a-v-south-london-inspire-2025-05-11.mp4,48,Goal,5171,5210.01,5205.12,0.6757,5203.62,5206.62
27,mens-a-v-south-london-inspire-2025-05-11.mp4,52,Goal,5430,5448.01,5438.88,1.2662,5437.38,5440.38
27,mens-a-v-south-london-inspire-2025-05-11.mp4,55,Goal,5521,5532.03,5526.72,0.7294,5525.22,5528.22
27,mens-a-v-south-london-inspire-2025-05-11.mp4,56,Goal,5521,5537.02,5526.72,0.7294,5525.22,5528.22
28,mens-a-v-sporting-southend-2025-12-14.mp4,9,Goal,1108,1136.0,1132.32,0.9529,1130.82,1133.82
28,mens-a-v-sporting-southend-2025-12-14.mp4,10,Goal,1118,1148.01,1132.32,0.9529,1130.82,1133.82
28,mens-a-v-sporting-southend-2025-12-14.mp4,23,Goal,2942,2963.03,2957.28,0.5435,2955.78,2958.78
28,mens-a-v-sporting-southend-2025-12-14.mp4,26,Goal,3145,3173.01,3176.16,0.9381,3174.66,3177.66
28,mens-a-v-sporting-southend-2025-12-14.mp4,27,Goal,3286,3304.0,3299.52,0.4244,3298.02,3301.02
28,mens-a-v-sporting-southend-2025-12-14.mp4,32,Goal,3694,3712.01,3706.56,0.1588,3705.06,3708.06
28,mens-a-v-sporting-southend-2025-12-14.mp4,40,Goal,4582,4593.02,4591.2,0.4625,4589.7,4592.7
28,mens-a-v-sporting-southend-2025-12-14.mp4,41,Goal,4665,4696.02,4694.4,0.9596,4692.9,4695.9
28,mens-a-v-sporting-southend-2025-12-14.mp4,42,Goal,4714,4732.03,4730.4,0.3362,4728.9,4731.9
28,mens-a-v-sporting-southend-2025-12-14.mp4,45,Goal,5093,5125.02,5107.2,0.1238,5105.7,5108.7
29,mens-b-v-cayman-2025-11-30.mp4,1,Goal,0,11.01,6.72,0.257,5.22,8.22
29,mens-b-v-cayman-2025-11-30.mp4,2,Goal,18,33.03,29.28,0.4435,27.78,30.78
29,mens-b-v-cayman-2025-11-30.mp4,5,Goal,213,227.03,222.72,0.0816,221.22,224.22
29,mens-b-v-cayman-2025-11-30.mp4,6,Goal,274,285.02,276.96,0.1556,275.46,278.46
29,mens-b-v-cayman-2025-11-30.mp4,7,Goal,419,430.01,419.52,0.0762,418.02,421.02
29,mens-b-v-cayman-2025-11-30.mp4,8,Goal,439,446.02,447.84,0.0654,446.34,449.34
29,mens-b-v-cayman-2025-11-30.mp4,10,Goal,1093,1106.01,1102.56,0.0717,1101.06,1104.06
29,mens-b-v-cayman-2025-11-30.mp4,11,Goal,1130,1149.01,1145.76,0.3525,1144.26,1147.26
29,mens-b-v-cayman-2025-11-30.mp4,12,Goal,1236,1246.02,1242.24,0.0228,1240.74,1243.74
29,mens-b-v-cayman-2025-11-30.mp4,14,Goal,1462,1476.01,1474.08,0.6079,1472.58,1475.58
29,mens-b-v-cayman-2025-11-30.mp4,16,Goal,1513,1528.03,1525.92,0.1288,1524.42,1527.42
29,mens-b-v-cayman-2025-11-30.mp4,19,Goal,2015,2044.01,2035.68,0.4386,2034.18,2037.18
30,mens-b-v-cayman-2026-03-15.mp4,3,Goal,395,405.01,400.8,0.1181,399.3,402.3
30,mens-b-v-cayman-2026-03-15.mp4,7,Goal,1035,1051.02,1051.2,0.5117,1049.7,1052.7
30,mens-b-v-cayman-2026-03-15.mp4,9,Goal,1297,1314.01,1311.36,0.0507,1309.86,1312.86
30,mens-b-v-cayman-2026-03-15.mp4,13,Goal,1797,1812.01,1806.24,0.0405,1804.74,1807.74
30,mens-b-v-cayman-2026-03-15.mp4,20,Goal,2866,2883.01,2880.0,0.0423,2878.5,2881.5
30,mens-b-v-cayman-2026-03-15.mp4,24,Goal,3102,3111.02,3108.0,0.3703,3106.5,3109.5
30,mens-b-v-cayman-2026-03-15.mp4,25,Goal,3288,3305.0,3302.4,0.0647,3300.9,3303.9
30,mens-b-v-cayman-2026-03-15.mp4,27,Goal,3641,3656.02,3655.2,0.1286,3653.7,3656.7
30,mens-b-v-cayman-2026-03-15.mp4,28,Goal,3761,3772.01,3770.4,0.0205,3768.9,3771.9
30,mens-b-v-cayman-2026-03-15.mp4,29,Goal,3896,3912.01,3912.96,0.9333,3911.46,3914.46
30,mens-b-v-cayman-2026-03-15.mp4,32,Goal,4313,4325.02,4323.84,0.7858,4322.34,4325.34
30,mens-b-v-cayman-2026-03-15.mp4,34,Goal,4616,4632.03,4629.6,0.1032,4628.1,4631.1
30,mens-b-v-cayman-2026-03-15.mp4,35,Goal,4947,4971.03,4961.28,0.3259,4959.78,4962.78
30,mens-b-v-cayman-2026-03-15.mp4,36,Goal,5187,5199.03,5199.36,0.4529,5197.86,5200.86
31,mens-b-v-sporting-united-2025-11-02.mp4,3,Goal,227,238.02,241.92,0.2986,240.42,243.42
31,mens-b-v-sporting-united-2025-11-02.mp4,7,Goal,921,937.0,934.56,0.1598,933.06,936.06
31,mens-b-v-sporting-united-2025-11-02.mp4,11,Goal,1805,1833.03,1828.32,0.6127,1826.82,1829.82
31,mens-b-v-sporting-united-2025-11-02.mp4,16,Goal,2201,2222.02,2219.52,1.0433,2218.02,2221.02
31,mens-b-v-sporting-united-2025-11-02.mp4,22,Goal,3494,3508.01,3504.48,0.781,3502.98,3505.98
31,mens-b-v-sporting-united-2025-11-02.mp4,23,Goal,4106,4121.02,4119.84,0.3017,4118.34,4121.34
31,mens-b-v-sporting-united-2025-11-02.mp4,26,Goal,4386,4400.03,4401.6,0.6947,4400.1,4403.1
31,mens-b-v-sporting-united-2025-11-02.mp4,31,Goal,4922,4941.01,4939.68,0.0688,4938.18,4941.18
31,mens-b-v-sporting-united-2025-11-02.mp4,33,Goal,5023,5031.03,5032.32,0.3101,5030.82,5033.82
32,mens-b-v-wessex-b-2026-03-08.mp4,2,Goal,92,109.01,104.16,0.4026,102.66,105.66
32,mens-b-v-wessex-b-2026-03-08.mp4,9,Goal,824,840.01,838.08,0.1965,836.58,839.58
32,mens-b-v-wessex-b-2026-03-08.mp4,13,Goal,1263,1274.01,1270.56,0.701,1269.06,1272.06
32,mens-b-v-wessex-b-2026-03-08.mp4,17,Goal,1514,1532.03,1526.4,0.5604,1524.9,1527.9
32,mens-b-v-wessex-b-2026-03-08.mp4,19,Goal,1770,1786.02,1779.84,0.6103,1778.34,1781.34
32,mens-b-v-wessex-b-2026-03-08.mp4,25,Goal,3302,3319.02,3312.0,0.6282,3310.5,3313.5
32,mens-b-v-wessex-b-2026-03-08.mp4,26,Goal,3437,3455.02,3449.76,0.5042,3448.26,3451.26
32,mens-b-v-wessex-b-2026-03-08.mp4,27,Goal,3480,3493.02,3489.6,0.2459,3488.1,3491.1
32,mens-b-v-wessex-b-2026-03-08.mp4,29,Goal,4323,4335.03,4330.56,0.8567,4329.06,4332.06
32,mens-b-v-wessex-b-2026-03-08.mp4,30,Goal,4360,4376.0,4369.44,0.9476,4367.94,4370.94
