clip_id,match_id,clip_number,timestamp_formatted,filename,length_sec
4583,22,9,00:14:11,09 001411_-_Goal.mp4,10.03
4586,22,12,00:20:20,12 002020_-_Goal.mp4,34.02
4607,22,33,00:57:12,33 005712_-_Goal.mp4,11.01
4608,22,34,00:58:15,34 005815_-_Goal.mp4,17.01
4612,22,38,01:06:06,38 010606_-_Goal.mp4,16.02
4613,22,39,01:06:35,39 010635_-_Goal.mp4,14.0
4615,22,41,01:09:11,41 010911_-_Goal.mp4,17.03
4616,22,42,01:10:52,42 011052_-_Goal.mp4,12.03
4623,22,49,01:16:45,49 011645_-_Goal.mp4,16.02
4625,22,51,01:20:48,51 012048_-_Goal.mp4,16.03
4629,22,55,01:26:46,55 012646_-_Goal.mp4,7.01
4639,8,3,00:03:39,03 000339_-_Goal.mp4,16.01
4649,8,13,00:23:46,13 002346_-_Goal.mp4,11.01
4654,8,18,00:33:15,18 003315_-_Goal.mp4,17.01
4656,8,20,00:36:33,20 003633_-_Goal.mp4,10.01
4668,8,32,01:10:19,32 011019_-_Goal.mp4,18.03
4670,8,34,01:12:39,34 011239_-_Goal.mp4,21.01
4673,8,37,01:19:56,37 011956_-_Goal.mp4,10.02
4675,8,39,01:23:27,39 012327_-_Goal.mp4,20.02
4691,23,12,00:15:58,12 001558_-_Goal.mp4,10.0
4710,23,31,00:54:40,31 005440_-_Goal.mp4,15.03
4714,23,35,00:59:04,35 005904_-_Goal.mp4,19.03
4720,23,41,01:06:33,41 010633_-_Goal.mp4,18.01
4729,23,50,01:17:32,50 011732_-_Goal.mp4,11.03
4733,23,54,01:20:05,54 012005_-_Goal.mp4,19.02
4737,23,58,01:24:47,58 012447_-_Goal.mp4,11.03
4739,23,60,01:27:10,60 012710_-_Goal.mp4,11.0
4742,23,63,01:31:25,63 013125_-_Goal.mp4,26.02
4754,24,9,00:13:51,09 001351_-_Goal.mp4,17.01
4755,24,10,00:14:50,10 001450_-_Goal.mp4,11.01
4767,24,22,00:31:49,22 003149_-_Goal.mp4,18.03
4769,24,24,00:33:25,24 003325_-_Goal.mp4,29.03
4771,24,26,00:37:57,26 003757_-_Goal.mp4,20.03
4784,24,39,01:01:00,39 010100_-_Goal.mp4,20.01
4786,24,41,01:03:05,41 010305_-_Goal.mp4,19.01
4791,24,46,01:10:35,46 011035_-_Goal.mp4,22.02
4794,24,49,01:14:13,49 011413_-_Goal.mp4,19.0
4805,24,60,01:26:29,60 012629_-_Goal.mp4,11.03
4812,9,3,00:03:50,03 000350_-_Goal.mp4,20.02
4818,9,9,00:12:48,09 001248_-_Goal.mp4,25.03
4826,9,17,00:21:31,17 002131_-_Goal.mp4,20.02
4827,9,18,00:22:12,18 002212_-_Goal.mp4,21.02
4847,9,38,01:00:15,38 010015_-_Goal.mp4,21.03
4852,9,43,01:14:26,43 011426_-_Goal.mp4,17.01
4860,9,51,01:24:05,51 012405_-_Goal.mp4,10.02
4862,9,53,01:28:53,53 012853_-_Goal.mp4,18.02
4865,9,56,01:32:31,56 013231_-_Goal.mp4,18.03
4872,1,6,00:21:24,06 002124_-_Goal.mp4,17.03
4877,1,11,00:31:56,11 003156_-_Goal.mp4,10.02
4879,1,13,00:34:27,13 003427_-_Goal.mp4,11.02
4884,1,18,00:41:39,18 004139_-_Goal.mp4,16.01
4885,1,19,00:42:47,19 004247_-_Goal.mp4,16.02
4888,1,22,01:03:53,22 010353_-_Goal.mp4,9.01
4889,1,23,01:05:14,23 010514_-_Goal.mp4,19.03
4890,1,24,01:05:58,24 010558_-_Goal.mp4,17.02
4891,1,25,01:09:15,25 010915_-_Goal.mp4,19.02
4893,1,27,01:13:33,27 011333_-_Goal.mp4,6.01
4895,1,29,01:15:05,29 011505_-_Goal.mp4,24.02
4897,1,31,01:17:07,31 011707_-_Goal.mp4,13.0
4902,1,36,01:24:38,36 012438_-_Goal.mp4,8.02
4904,1,38,01:34:15,38 013415_-_Goal.mp4,19.01
4906,1,40,01:38:15,40 013815_-_Goal.mp4,14.01
4914,25,5,00:12:23,05 001223_-_Goal.mp4,17.03
4921,25,12,00:19:31,12 001931_-_Goal.mp4,17.02
4923,25,14,00:20:53,14 002053_-_Goal.mp4,14.03
4930,25,21,00:32:13,21 003213_-_Goal.mp4,17.02
4932,25,23,00:33:43,23 003343_-_Goal.mp4,23.02
4938,25,29,00:41:46,29 004146_-_Goal.mp4,16.02
4948,25,39,01:12:21,39 011221_-_Goal.mp4,12.02
4949,25,40,01:13:37,40 011337_-_Goal.mp4,19.03
4951,25,42,01:15:40,42 011540_-_Goal.mp4,15.02
4952,25,43,01:16:07,43 011607_-_Goal.mp4,19.01
4962,25,53,01:31:40,53 013140_-_Goal.mp4,20.01
4971,25,62,01:43:07,62 014307_-_Goal.mp4,9.02
4975,2,3,00:18:46,03 001846_-_Goal.mp4,20.01
4976,2,4,00:23:36,04 002336_-_Goal.mp4,16.03
4977,2,5,00:31:05,05 003105_-_Goal.mp4,12.01
4978,2,6,00:33:09,06 003309_-_Goal.mp4,8.03
4981,2,9,00:40:37,09 004037_-_Goal.mp4,18.02
4982,2,10,00:41:48,10 004148_-_Goal.mp4,10.02
4984,2,12,00:47:49,12 004749_-_Goal.mp4,15.01
4987,2,15,00:52:50,15 005250_-_Goal.mp4,13.02
4990,2,18,01:09:04,18 010904_-_Goal.mp4,10.02
4992,2,20,01:13:10,20 011310_-_Goal.mp4,9.03
4993,2,21,01:19:53,21 011953_-_Goal.mp4,16.0
4994,2,22,01:29:39,22 012939_-_Goal.mp4,10.02
4996,2,24,01:34:02,24 013402_-_Goal.mp4,15.02
4997,2,25,01:40:55,25 014055_-_Goal.mp4,7.02
4999,2,27,01:47:03,27 014703_-_Goal.mp4,12.03
5000,2,28,01:50:46,28 015046_-_Goal.mp4,13.02
5004,11,2,00:04:14,02 000414_-_Goal.mp4,15.01
5005,11,3,00:07:30,03 000730_-_Goal.mp4,30.01
5009,11,7,00:14:40,07 001440_-_Goal.mp4,7.02
5016,11,14,00:24:52,14 002452_-_Goal.mp4,23.01
5018,11,16,00:27:25,16 002725_-_Goal.mp4,18.03
5019,11,17,00:28:06,17 002806_-_Goal.mp4,33.02
5025,11,23,00:51:12,23 005112_-_Goal.mp4,16.02
5026,11,24,00:53:58,24 005358_-_Goal.mp4,18.02
5027,11,25,00:55:05,25 005505_-_Goal.mp4,27.03
5031,11,29,00:59:27,29 005927_-_Goal.mp4,22.02
5039,11,37,01:09:03,37 010903_-_Goal.mp4,21.03
5046,11,44,01:19:29,44 011929_-_Goal.mp4,12.01
5056,12,7,00:10:33,07 001033_-_Goal.mp4,9.01
5059,12,10,00:15:45,10 001545_-_Goal.mp4,10.02
5060,12,11,00:16:28,11 001628_-_Goal.mp4,8.03
5075,12,26,00:44:00,26 004400_-_Goal.mp4,13.02
5085,12,36,01:11:02,36 011102_-_Goal.mp4,10.0
5087,12,38,01:16:08,38 011608_-_Goal.mp4,9.01
5108,13,5,00:10:02,05 001002_-_Goal.mp4,19.02
5117,13,14,00:20:14,14 002014_-_Goal.mp4,12.02
5118,13,15,00:22:21,15 002221_-_Goal.mp4,12.02
5132,13,29,00:52:45,29 005245_-_Goal.mp4,18.02
5135,13,32,00:54:51,32 005451_-_Goal.mp4,23.01
5144,13,41,01:02:06,41 010206_-_Goal.mp4,24.02
5156,13,53,01:24:24,53 012424_-_Goal.mp4,16.01
5158,13,55,01:25:20,55 012520_-_Goal.mp4,15.03
5161,13,58,01:28:21,58 012821_-_Goal.mp4,14.01
5171,26,6,00:07:06,06 000706_-_Goal.mp4,19.01
5173,26,8,00:11:07,08 001107_-_Goal.mp4,21.02
5179,26,14,00:22:32,14 002232_-_Goal.mp4,22.02
5202,26,37,01:08:59,37 010859_-_Goal.mp4,15.02
5206,26,41,01:16:09,41 011609_-_Goal.mp4,19.02
5208,26,43,01:19:25,43 011925_-_Goal.mp4,12.01
5210,26,45,01:20:53,45 012053_-_Goal.mp4,28.01
5219,5,6,00:14:54,06 001454_-_Goal.mp4,11.0
5221,5,8,00:15:46,08 001546_-_Goal.mp4,15.03
5225,5,12,00:22:58,12 002258_-_Goal.mp4,17.03
5227,5,14,00:24:25,14 002425_-_Goal.mp4,16.01
5228,5,15,00:27:01,15 002701_-_Goal.mp4,18.02
5235,5,22,00:37:10,22 003710_-_Goal.mp4,25.02
5236,5,23,00:37:49,23 003749_-_Goal.mp4,19.02
5237,5,24,00:38:18,24 003818_-_Goal.mp4,23.02
5240,5,27,00:59:49,27 005949_-_Goal.mp4,11.03
5247,5,34,01:16:47,34 011647_-_Goal.mp4,17.02
5250,5,37,01:27:53,37 012753_-_Goal.mp4,22.02
5251,5,38,01:28:24,38 012824_-_Goal.mp4,27.03
5259,27,4,00:03:22,04 000322_-_Goal.mp4,23.03
5260,27,5,00:04:27,05 000427_-_Goal.mp4,22.02
5262,27,7,00:11:00,07 001100_-_Goal.mp4,25.02
5266,27,11,00:17:57,11 001757_-_Goal.mp4,14.02
5269,27,14,00:23:56,14 002356_-_Goal.mp4,22.02
5275,27,20,00:30:24,20 003024_-_Goal.mp4,17.01
5285,27,30,00:59:37,30 005937_-_Goal.mp4,22.03
5296,27,41,01:16:13,41 011613_-_Goal.mp4,27.03
5299,27,44,01:21:27,44 012127_-_Goal.mp4,25.01
5303,27,48,01:26:11,48 012611_-_Goal.mp4,39.01
5307,27,52,01:30:30,52 013030_-_Goal.mp4,18.01
5310,27,55,01:32:01,55 013201_-_Goal.mp4,11.03
5311,27,56,01:32:01,56 013201_-_Goal.mp4,16.02
5321,14,10,00:22:23,10 002223_-_Goal.mp4,12.02
5325,14,14,00:28:22,14 002822_-_Goal.mp4,15.02
5328,14,17,00:30:31,17 003031_-_Goal.mp4,15.02
5332,14,21,00:36:24,21 003624_-_Goal.mp4,17.03
5334,14,23,00:38:58,23 003858_-_Goal.mp4,10.01
5348,14,37,01:12:25,37 011225_-_Goal.mp4,11.02
5350,14,39,01:15:36,39 011536_-_Goal.mp4,8.01
5362,14,51,01:41:50,51 014150_-_Goal.mp4,23.03
5377,28,9,00:18:28,09 001828_-_Goal.mp4,28.0
5378,28,10,00:18:38,10 001838_-_Goal.mp4,30.01
5391,28,23,00:49:02,23 004902_-_Goal.mp4,21.03
5394,28,26,00:52:25,26 005225_-_Goal.mp4,28.01
5395,28,27,00:54:46,27 005446_-_Goal.mp4,18.0
5400,28,32,01:01:34,32 010134_-_Goal.mp4,18.01
5408,28,40,01:16:22,40 011622_-_Goal.mp4,11.02
5409,28,41,01:17:45,41 011745_-_Goal.mp4,31.02
5410,28,42,01:18:34,42 011834_-_Goal.mp4,18.03
5413,28,45,01:24:53,45 012453_-_Goal.mp4,32.02
5424,6,10,00:43:44,10 004344_-_Goal.mp4,13.01
5426,6,12,00:45:05,12 004505_-_Goal.mp4,15.02
5435,6,21,00:57:50,21 005750_-_Goal.mp4,26.03
5437,6,23,01:02:00,23 010200_-_Goal.mp4,10.03
5446,6,32,01:31:57,32 013157_-_Goal.mp4,16.03
5448,6,34,01:33:28,34 013328_-_Goal.mp4,7.02
5452,6,38,01:39:06,38 013906_-_Goal.mp4,23.03
5458,6,44,01:48:55,44 014855_-_Goal.mp4,30.03
5466,6,52,02:06:58,52 020658_-_Goal.mp4,18.03
5467,6,53,02:07:58,53 020758_-_Goal.mp4,14.02
5468,6,54,02:09:00,54 020900_-_Goal.mp4,25.02
5469,6,55,02:10:11,55 021011_-_Goal.mp4,16.02
5474,7,3,00:10:07,03 001007_-_Goal.mp4,9.02
5476,7,5,00:16:20,05 001620_-_Goal.mp4,7.02
5478,7,7,00:24:02,07 002402_-_Goal.mp4,19.03
5479,7,8,00:24:56,08 002456_-_Goal.mp4,17.01
5481,7,10,00:27:28,10 002728_-_Goal.mp4,30.02
5487,7,16,00:55:03,16 005503_-_Goal.mp4,15.02
5490,7,19,00:59:42,19 005942_-_Goal.mp4,7.02
5492,7,21,01:05:18,21 010518_-_Goal.mp4,18.03
5495,7,24,01:11:14,24 011114_-_Goal.mp4,17.02
5500,7,29,01:21:14,29 012114_-_Goal.mp4,14.02
5501,7,30,01:24:04,30 012404_-_Goal.mp4,17.02
5506,15,3,00:04:30,03 000430_-_Goal.mp4,22.03
5510,15,7,00:14:06,07 001406_-_Goal.mp4,10.02
5512,15,9,00:17:00,09 001700_-_Goal.mp4,17.01
5515,15,12,00:22:19,12 002219_-_Goal.mp4,21.03
5521,15,18,00:31:14,18 003114_-_Goal.mp4,17.02
5534,15,31,01:00:06,31 010006_-_Goal.mp4,11.01
5539,15,36,01:03:43,36 010343_-_Goal.mp4,16.02
5542,15,39,01:05:52,39 010552_-_Goal.mp4,21.01
5552,15,49,01:23:25,49 012325_-_Goal.mp4,10.02
5563,16,8,00:11:50,08 001150_-_Goal.mp4,14.02
5568,16,13,00:17:26,13 001726_-_Goal.mp4,20.03
5580,16,25,00:54:26,25 005426_-_Goal.mp4,9.01
5583,16,28,00:57:51,28 005751_-_Goal.mp4,8.02
5585,16,30,01:00:45,30 010045_-_Goal.mp4,20.03
5587,16,32,01:05:34,32 010534_-_Goal.mp4,17.02
5589,16,34,01:13:35,34 011335_-_Goal.mp4,19.03
5590,16,35,01:14:41,35 011441_-_Goal.mp4,13.02
5592,16,37,01:17:11,37 011711_-_Goal.mp4,11.01
5596,16,41,01:24:54,41 012454_-_Goal.mp4,10.03
5598,16,43,01:26:14,43 012614_-_Goal.mp4,17.02
5600,16,45,01:29:13,45 012913_-_Goal.mp4,9.02
5601,16,46,01:29:45,46 012945_-_Goal.mp4,13.03
5603,16,48,01:32:00,48 013200_-_Goal.mp4,10.02
5604,16,49,01:34:29,49 013429_-_Goal.mp4,9.02
5605,16,50,01:35:44,50 013544_-_Goal.mp4,15.02
5607,17,1,00:00:49,01 000049_-_Goal.mp4,8.02
5609,17,3,00:03:36,03 000336_-_Goal.mp4,15.03
5610,17,4,00:04:47,04 000447_-_Goal.mp4,17.0
5615,17,9,00:13:26,09 001326_-_Goal.mp4,18.02
5617,17,11,00:14:51,11 001451_-_Goal.mp4,13.0
5618,17,12,00:15:26,12 001526_-_Goal.mp4,13.01
5623,17,17,00:20:16,17 002016_-_Goal.mp4,19.01
5630,17,24,00:30:30,24 003030_-_Goal.mp4,18.01
5635,17,29,00:50:02,29 005002_-_Goal.mp4,17.02
5640,17,34,00:58:32,34 005832_-_Goal.mp4,7.02
5646,17,40,01:07:30,40 010730_-_Goal.mp4,9.02
5649,17,43,01:11:23,43 011123_-_Goal.mp4,16.03
5651,17,45,01:13:21,45 011321_-_Goal.mp4,27.02
5659,29,1,00:00:00,01 000000_-_Goal.mp4,11.01
5660,29,2,00:00:18,02 000018_-_Goal.mp4,15.03
5663,29,5,00:03:33,05 000333_-_Goal.mp4,14.03
5664,29,6,00:04:34,06 000434_-_Goal.mp4,11.02
5665,29,7,00:06:59,07 000659_-_Goal.mp4,11.01
5666,29,8,00:07:19,08 000719_-_Goal.mp4,7.02
5668,29,10,00:18:13,10 001813_-_Goal.mp4,13.01
5669,29,11,00:18:50,11 001850_-_Goal.mp4,19.01
5670,29,12,00:20:36,12 002036_-_Goal.mp4,10.02
5672,29,14,00:24:22,14 002422_-_Goal.mp4,14.01
5674,29,16,00:25:13,16 002513_-_Goal.mp4,15.03
5677,29,19,00:33:35,19 003335_-_Goal.mp4,29.01
5680,30,3,00:06:35,03 000635_-_Goal.mp4,10.01
5684,30,7,00:17:15,07 001715_-_Goal.mp4,16.02
5686,30,9,00:21:37,09 002137_-_Goal.mp4,17.01
5690,30,13,00:29:57,13 002957_-_Goal.mp4,15.01
5697,30,20,00:47:46,20 004746_-_Goal.mp4,17.01
5701,30,24,00:51:42,24 005142_-_Goal.mp4,9.02
5702,30,25,00:54:48,25 005448_-_Goal.mp4,17.0
5704,30,27,01:00:41,27 010041_-_Goal.mp4,15.02
5705,30,28,01:02:41,28 010241_-_Goal.mp4,11.01
5706,30,29,01:04:56,29 010456_-_Goal.mp4,16.01
5709,30,32,01:11:53,32 011153_-_Goal.mp4,12.02
5711,30,34,01:16:56,34 011656_-_Goal.mp4,16.03
5712,30,35,01:22:27,35 012227_-_Goal.mp4,24.03
5713,30,36,01:26:27,36 012627_-_Goal.mp4,12.03
5716,18,2,00:10:29,02 001029_-_Goal.mp4,18.02
5718,18,4,00:13:12,04 001312_-_Goal.mp4,16.01
5720,18,6,00:17:03,06 001703_-_Goal.mp4,17.01
5725,18,11,00:25:44,11 002544_-_Goal.mp4,18.03
5732,18,18,00:37:08,18 003708_-_Goal.mp4,17.01
5733,18,19,00:39:27,19 003927_-_Goal.mp4,19.02
5740,18,26,01:06:28,26 010628_-_Goal.mp4,19.02
5747,18,33,01:22:54,33 012254_-_Goal.mp4,18.02
5748,18,34,01:23:21,34 012321_-_Goal.mp4,16.01
5751,18,37,01:29:37,37 012937_-_Goal.mp4,16.02
5761,20,6,00:20:21,06 002021_-_Goal.mp4,20.01
5763,20,8,00:23:34,08 002334_-_Goal.mp4,17.03
5771,20,16,00:34:06,16 003406_-_Goal.mp4,16.03
5773,20,18,00:38:18,18 003818_-_Goal.mp4,17.01
5775,20,20,00:39:16,20 003916_-_Goal.mp4,13.03
5777,20,22,00:40:43,22 004043_-_Goal.mp4,13.02
5787,20,32,01:01:43,32 010143_-_Goal.mp4,12.01
5789,20,34,01:03:45,34 010345_-_Goal.mp4,18.01
5794,20,39,01:10:44,39 011044_-_Goal.mp4,14.02
5797,20,42,01:14:28,42 011428_-_Goal.mp4,6.01
5799,20,44,01:15:27,44 011527_-_Goal.mp4,16.02
5800,20,45,01:16:50,45 011650_-_Goal.mp4,20.03
5805,20,50,01:26:29,50 012629_-_Goal.mp4,8.03
5806,20,51,01:30:46,51 013046_-_Goal.mp4,14.02
5808,20,53,01:33:02,53 013302_-_Goal.mp4,11.02
5810,20,55,01:36:12,55 013612_-_Goal.mp4,12.01
5814,31,3,00:03:47,03 000347_-_Goal.mp4,11.02
5818,31,7,00:15:21,07 001521_-_Goal.mp4,16.0
5822,31,11,00:30:05,11 003005_-_Goal.mp4,28.03
5827,31,16,00:36:41,16 003641_-_Goal.mp4,21.02
5833,31,22,00:58:14,22 005814_-_Goal.mp4,14.01
5834,31,23,01:08:26,23 010826_-_Goal.mp4,15.02
5837,31,26,01:13:06,26 011306_-_Goal.mp4,14.03
5842,31,31,01:22:02,31 012202_-_Goal.mp4,19.01
5844,31,33,01:23:43,33 012343_-_Goal.mp4,8.03
5859,19,11,00:19:34,11 001934_-_Goal.mp4,46.02
5861,19,13,00:24:44,13 002444_-_Goal.mp4,19.02
5867,19,19,00:33:03,19 003303_-_Goal.mp4,19.03
5878,19,30,01:07:18,30 010718_-_Goal.mp4,15.02
5880,19,32,01:09:35,32 010935_-_Goal.mp4,16.02
5893,19,45,01:23:41,45 012341_-_Goal.mp4,19.0
5895,19,47,01:25:20,47 012520_-_Goal.mp4,8.02
5897,19,49,01:28:24,49 012824_-_Goal.mp4,19.02
5899,19,51,01:30:00,51 013000_-_Goal.mp4,16.01
5900,19,52,01:31:58,52 013158_-_Goal.mp4,22.01
5903,19,55,01:35:26,55 013526_-_Goal.mp4,15.01
5909,21,5,00:23:30,05 002330_-_Goal.mp4,18.03
5911,21,7,00:25:50,07 002550_-_Goal.mp4,13.03
5912,21,8,00:27:37,08 002737_-_Goal.mp4,13.02
5916,21,12,00:34:11,12 003411_-_Goal.mp4,15.03
5927,21,23,00:51:46,23 005146_-_Goal.mp4,12.02
5931,21,27,00:56:29,27 005629_-_Goal.mp4,16.01
5933,21,29,01:01:29,29 010129_-_Goal.mp4,14.03
5940,21,36,01:20:46,36 012046_-_Goal.mp4,10.02
5942,21,38,01:23:33,38 012333_-_Goal.mp4,10.02
5950,21,46,01:33:00,46 013300_-_Goal.mp4,10.02
5954,21,50,01:35:54,50 013554_-_Goal.mp4,16.03
5956,21,52,01:39:16,52 013916_-_Goal.mp4,18.02
5964,21,60,01:50:24,60 015024_-_Goal.mp4,18.01
5965,21,61,01:54:33,61 015433_-_Goal.mp4,23.02
5968,21,64,01:57:53,64 015753_-_Goal.mp4,16.02
5972,32,2,00:01:32,02 000132_-_Goal.mp4,17.01
5979,32,9,00:13:44,09 001344_-_Goal.mp4,16.01
5983,32,13,00:21:03,13 002103_-_Goal.mp4,11.01
5987,32,17,00:25:14,17 002514_-_Goal.mp4,18.03
5989,32,19,00:29:30,19 002930_-_Goal.mp4,16.02
5995,32,25,00:55:02,25 005502_-_Goal.mp4,17.02
5996,32,26,00:57:17,26 005717_-_Goal.mp4,18.02
5997,32,27,00:58:00,27 005800_-_Goal.mp4,13.02
5999,32,29,01:12:03,29 011203_-_Goal.mp4,12.03
6000,32,30,01:12:40,30 011240_-_Goal.mp4,16.0
