match_id,raw_filename,zip_filename,match_date,audio_length_sec
1,mens-a-v-dorset-2025-01-19.mp4,Men's A v Dorset_highlights_2025-01-19.zip,2025-01-19,6893.5
2,mens-a-v-dynamo-tekkers-2024-12-15.mp4,Men’s A v Dynamo Tekkers_highlights_2024-12-15.zip,2024-12-15,6897.77
3,mens-a-v-portsmouth-2024-10-12.mp4,Men’s v Portsmouth_highlights_2024-10-12.zip,2024-10-12,6658.71
4,mens-a-v-portsmouth-2024-12-01.mp4,Men’s v Portsmouth_highlights_2024-12-01.zip,2024-12-01,6487.77
5,mens-a-v-portsmouth-2025-02-02.mp4,Men's A v Portsmouth_highlights_2025-02-02.zip,2025-02-02,6355.37
6,mens-a-v-sporting-southend-2026-04-26.mp4,Men’s A v Sporting Southend_highlights_2026-04-26.zip,2026-04-26,8218.6
7,mens-a-v-wessex-b-2024-10-06.mp4,Men's A v Wessex B_highlights_2024-10-06.zip,2024-10-06,5796.01
8,mens-a-v-bloomsbury-b-2025-11-02.mp4,Men's A v Bloomsbury B_highlights_2025-11-02.zip,2025-11-02,5841.0
9,mens-a-v-cambridge-2025-10-12.mp4,Men's A v Cambridge_2025-10-12.zip,2025-10-12,5840.0
10,mens-b-v-farnborough-2025-03-16.mp4,Men's A v Farnborough_highlights_2025-03-16.zip,2025-03-16,5911.19
11,mens-a-v-lifc-2025-04-06.mp4,Men's A v LIFC_highlights_2025-04-06.zip,2025-04-06,6265.69
12,mens-a-v-lifc-2025-09-28.mp4,Men's A v LIFC_highlights_2025-09-28.zip,2025-09-28,5872.83
13,mens-a-v-lifc-2026-03-15.mp4,Men's A v LIFC_highlights_2026-03-15.zip,2026-03-15,5579.73
14,mens-a-v-southampton-athletic-2025-10-05.mp4,Men's A v Southampton Athletic_highlights_2025-10-05.zip,2025-10-05,6946.26
15,mens-a-v-west-london-2025-09-14.mp4,Men's A v West London_highlights_2025-09-14.zip,2025-09-14,5189.46
16,mens-b-v-aztecs-2026-01-25.mp4,Men's B v Aztecs_highlights_2026-01-25.zip,2026-01-25,6048.11
17,mens-b-v-cayman-2025-11-09.mp4,Men's B v Cayman_highlights_2025-11-09.zip,2025-11-09,4936.13
18,mens-b-v-maidenhead-b-2025-12-07.mp4,Men's B v Maidenhead B_highlights_2025-12-07.zip,2025-12-07,6199.08
19,mens-b-v-sselite-2026-04-12.mp4,Men's B v SSElite_highlights_2026-04-12.zip,2026-04-12,6263.23
20,mens-b-v-sporting-united-2025-09-21.mp4,Men's B v Sporting United_highlights_2025-09-21.zip,2025-09-21,6035.01
21,mens-b-v-wessex-b-2026-02-01.mp4,Men's B v Wessex B_highlights_2026-02-01.zip,2026-02-01,7555.2
22,mens-a-v-baku-united-2026-04-19.mp4,Men’s A v Baku United_highlights_2026-04-19.zip,2026-04-19,5837.85
23,mens-a-v-bloomsbury-b-2026-01-25.mp4,Men’s A v Bloomsbury B_highlights_2026-01-25.zip,2026-01-25,5967.55
24,mens-a-v-braintree-2025-11-23.mp4,Men’s A v Braintree_highlights_2025-11-23.zip,2025-11-23,5489.69
25,mens-a-v-dorset-2026-02-22.mp4,Men’s A v Dorset_highlights_2026-02-22.zip,2026-02-22,6540.12
26,mens-a-v-mk-mavericks-2026-03-08.mp4,Men’s A v MK Mavericks_highlights_2026-03-08.zip,2026-03-08,5365.95
27,mens-a-v-south-london-inspire-2025-05-11.mp4,Men’s A v South London Inspire_highlights_2025-05-11.zip,2025-05-11,6615.87
28,mens-a-v-sporting-southend-2025-12-14.mp4,Men’s A v Sporting Southend_highlights_2025-12-14.zip,2025-12-14,5482.6
29,mens-b-v-cayman-2025-11-30.mp4,Men’s B v Cayman_highlights_2025-11-30.zip,2025-11-30,5052.71
30,mens-b-v-cayman-2026-03-15.mp4,Men’s B v Cayman_highlights_2026-03-15.zip,2026-03-15,5396.69
31,mens-b-v-sporting-united-2025-11-02.mp4,Men’s B v Sporting United_highlights_2025-11-02.zip,2025-11-02,5343.53
32,mens-b-v-wessex-b-2026-03-08.mp4,Men’s B v Wessex B_highlights_2026-03-08.zip,2026-03-08,4791.0
