rank_test_score,mean_test_score,std_test_score,lookback,postroll,merge_gap,params
1,0.8216902220487348,0.017986251538007817,20.0,5.0,15.0,"{'subsample': 0.6, 'scale_pos_weight': 12, 'reg_lambda': 10, 'reg_alpha': 0.0, 'n_estimators': 600, 'min_child_weight': 10, 'max_depth': 2, 'learning_rate': 0.05, 'gamma': 1.0, 'colsample_bytree': 0.8}"
2,0.8193797933301024,0.01256841484455955,20.0,5.0,15.0,"{'subsample': 0.6, 'scale_pos_weight': 4, 'reg_lambda': 10, 'reg_alpha': 0.1, 'n_estimators': 1200, 'min_child_weight': 20, 'max_depth': 2, 'learning_rate': 0.025, 'gamma': 0.5, 'colsample_bytree': 1.0}"
3,0.818341271412802,0.015225314430944163,20.0,5.0,10.0,"{'subsample': 0.8, 'scale_pos_weight': 12, 'reg_lambda': 5, 'reg_alpha': 0.0, 'n_estimators': 600, 'min_child_weight': 20, 'max_depth': 3, 'learning_rate': 0.05, 'gamma': 1.0, 'colsample_bytree': 0.8}"
4,0.8179310499711282,0.01757537581368965,20.0,5.0,10.0,"{'subsample': 1.0, 'scale_pos_weight': 12, 'reg_lambda': 20, 'reg_alpha': 0.1, 'n_estimators': 1200, 'min_child_weight': 10, 'max_depth': 3, 'learning_rate': 0.025, 'gamma': 0.5, 'colsample_bytree': 0.6}"
5,0.8175331666508615,0.016979491832882332,20.0,5.0,15.0,"{'subsample': 0.8, 'scale_pos_weight': 8, 'reg_lambda': 5, 'reg_alpha': 1.0, 'n_estimators': 900, 'min_child_weight': 10, 'max_depth': 2, 'learning_rate': 0.05, 'gamma': 1.0, 'colsample_bytree': 1.0}"
6,0.8170544917425355,0.012206516536827128,20.0,5.0,15.0,"{'subsample': 0.6, 'scale_pos_weight': 12, 'reg_lambda': 20, 'reg_alpha': 0.0, 'n_estimators': 600, 'min_child_weight': 10, 'max_depth': 2, 'learning_rate': 0.05, 'gamma': 1.0, 'colsample_bytree': 1.0}"
7,0.8167798180486288,0.012089986547746559,20.0,5.0,15.0,"{'subsample': 0.8, 'scale_pos_weight': 4, 'reg_lambda': 5, 'reg_alpha': 1.0, 'n_estimators': 900, 'min_child_weight': 20, 'max_depth': 2, 'learning_rate': 0.05, 'gamma': 0.5, 'colsample_bytree': 1.0}"
8,0.8167544868475841,0.013479258950100919,20.0,5.0,15.0,"{'subsample': 0.8, 'scale_pos_weight': 8, 'reg_lambda': 20, 'reg_alpha': 0.1, 'n_estimators': 1200, 'min_child_weight': 10, 'max_depth': 2, 'learning_rate': 0.025, 'gamma': 1.0, 'colsample_bytree': 1.0}"
9,0.8165918937428489,0.01893669479259318,20.0,5.0,10.0,"{'subsample': 0.8, 'scale_pos_weight': 4, 'reg_lambda': 10, 'reg_alpha': 0.0, 'n_estimators': 600, 'min_child_weight': 10, 'max_depth': 4, 'learning_rate': 0.025, 'gamma': 0.25, 'colsample_bytree': 1.0}"
10,0.816502432035817,0.018425284992449897,20.0,5.0,10.0,"{'subsample': 1.0, 'scale_pos_weight': 8, 'reg_lambda': 10, 'reg_alpha': 1.0, 'n_estimators': 900, 'min_child_weight': 20, 'max_depth': 4, 'learning_rate': 0.025, 'gamma': 1.0, 'colsample_bytree': 0.6}"
11,0.8163248628577849,0.01681668963709054,20.0,5.0,15.0,"{'subsample': 0.8, 'scale_pos_weight': 8, 'reg_lambda': 10, 'reg_alpha': 1.0, 'n_estimators': 900, 'min_child_weight': 20, 'max_depth': 2, 'learning_rate': 0.05, 'gamma': 0.25, 'colsample_bytree': 1.0}"
12,0.8163118461306331,0.013749843458347268,20.0,5.0,15.0,"{'subsample': 0.6, 'scale_pos_weight': 8, 'reg_lambda': 20, 'reg_alpha': 0.1, 'n_estimators': 1200, 'min_child_weight': 30, 'max_depth': 2, 'learning_rate': 0.025, 'gamma': 0.5, 'colsample_bytree': 0.8}"
13,0.8163001481652412,0.011550621484397056,20.0,5.0,15.0,"{'subsample': 0.8, 'scale_pos_weight': 12, 'reg_lambda': 20, 'reg_alpha': 0.0, 'n_estimators': 900, 'min_child_weight': 20, 'max_depth': 2, 'learning_rate': 0.05, 'gamma': 0.5, 'colsample_bytree': 0.6}"
14,0.8162256081227531,0.015014922146526654,20.0,5.0,15.0,"{'subsample': 0.8, 'scale_pos_weight': 4, 'reg_lambda': 10, 'reg_alpha': 0.1, 'n_estimators': 1200, 'min_child_weight': 10, 'max_depth': 3, 'learning_rate': 0.025, 'gamma': 1.0, 'colsample_bytree': 0.8}"
15,0.816205368342584,0.014179396033661263,20.0,5.0,15.0,"{'subsample': 0.8, 'scale_pos_weight': 4, 'reg_lambda': 20, 'reg_alpha': 1.0, 'n_estimators': 900, 'min_child_weight': 30, 'max_depth': 2, 'learning_rate': 0.05, 'gamma': 1.0, 'colsample_bytree': 0.8}"
16,0.8160226709783085,0.015102371828151056,20.0,5.0,15.0,"{'subsample': 0.6, 'scale_pos_weight': 8, 'reg_lambda': 20, 'reg_alpha': 0.1, 'n_estimators': 900, 'min_child_weight': 30, 'max_depth': 4, 'learning_rate': 0.025, 'gamma': 1.0, 'colsample_bytree': 0.8}"
17,0.8158347309111214,0.017392356716981354,20.0,5.0,15.0,"{'subsample': 0.6, 'scale_pos_weight': 12, 'reg_lambda': 10, 'reg_alpha': 1.0, 'n_estimators': 900, 'min_child_weight': 30, 'max_depth': 4, 'learning_rate': 0.015, 'gamma': 0.25, 'colsample_bytree': 0.8}"
18,0.8157718089726546,0.015503365648960234,20.0,5.0,15.0,"{'subsample': 0.8, 'scale_pos_weight': 4, 'reg_lambda': 10, 'reg_alpha': 1.0, 'n_estimators': 1200, 'min_child_weight': 30, 'max_depth': 2, 'learning_rate': 0.025, 'gamma': 1.0, 'colsample_bytree': 1.0}"
19,0.8156112432502287,0.017982135295150567,20.0,5.0,10.0,"{'subsample': 0.6, 'scale_pos_weight': 12, 'reg_lambda': 10, 'reg_alpha': 0.1, 'n_estimators': 1200, 'min_child_weight': 30, 'max_depth': 3, 'learning_rate': 0.015, 'gamma': 1.0, 'colsample_bytree': 0.6}"
20,0.8154239704519175,0.017403440057727305,20.0,5.0,10.0,"{'subsample': 0.6, 'scale_pos_weight': 8, 'reg_lambda': 5, 'reg_alpha': 0.0, 'n_estimators': 1200, 'min_child_weight': 30, 'max_depth': 3, 'learning_rate': 0.015, 'gamma': 1.0, 'colsample_bytree': 0.6}"
21,0.8153648726821225,0.020658691913908307,20.0,5.0,10.0,"{'subsample': 1.0, 'scale_pos_weight': 4, 'reg_lambda': 20, 'reg_alpha': 0.0, 'n_estimators': 600, 'min_child_weight': 20, 'max_depth': 3, 'learning_rate': 0.05, 'gamma': 0.25, 'colsample_bytree': 1.0}"
22,0.8153490498304594,0.014241522441654863,20.0,5.0,10.0,"{'subsample': 0.8, 'scale_pos_weight': 12, 'reg_lambda': 20, 'reg_alpha': 0.0, 'n_estimators': 1200, 'min_child_weight': 10, 'max_depth': 3, 'learning_rate': 0.025, 'gamma': 1.0, 'colsample_bytree': 1.0}"
23,0.8153067543759445,0.018389375299240902,20.0,5.0,10.0,"{'subsample': 1.0, 'scale_pos_weight': 8, 'reg_lambda': 5, 'reg_alpha': 0.0, 'n_estimators': 900, 'min_child_weight': 30, 'max_depth': 3, 'learning_rate': 0.05, 'gamma': 0.25, 'colsample_bytree': 0.6}"
24,0.8152634892289823,0.02005351492122693,20.0,5.0,10.0,"{'subsample': 1.0, 'scale_pos_weight': 4, 'reg_lambda': 5, 'reg_alpha': 0.0, 'n_estimators': 900, 'min_child_weight': 30, 'max_depth': 4, 'learning_rate': 0.025, 'gamma': 0.25, 'colsample_bytree': 0.8}"
25,0.8152425358608097,0.01704928442371616,20.0,5.0,10.0,"{'subsample': 0.8, 'scale_pos_weight': 4, 'reg_lambda': 20, 'reg_alpha': 0.0, 'n_estimators': 600, 'min_child_weight': 30, 'max_depth': 3, 'learning_rate': 0.05, 'gamma': 0.25, 'colsample_bytree': 1.0}"
26,0.8151366821063462,0.019093263697467656,20.0,5.0,10.0,"{'subsample': 0.6, 'scale_pos_weight': 4, 'reg_lambda': 5, 'reg_alpha': 0.0, 'n_estimators': 900, 'min_child_weight': 10, 'max_depth': 2, 'learning_rate': 0.05, 'gamma': 0.5, 'colsample_bytree': 0.6}"
27,0.8148993698505314,0.01618462586450615,20.0,5.0,10.0,"{'subsample': 0.8, 'scale_pos_weight': 4, 'reg_lambda': 20, 'reg_alpha': 1.0, 'n_estimators': 900, 'min_child_weight': 20, 'max_depth': 4, 'learning_rate': 0.015, 'gamma': 1.0, 'colsample_bytree': 1.0}"
28,0.8148815549379251,0.015374386941797678,20.0,5.0,10.0,"{'subsample': 0.8, 'scale_pos_weight': 12, 'reg_lambda': 5, 'reg_alpha': 0.1, 'n_estimators': 1200, 'min_child_weight': 10, 'max_depth': 2, 'learning_rate': 0.05, 'gamma': 0.25, 'colsample_bytree': 0.8}"
29,0.8147478014230966,0.018386215420059093,20.0,5.0,10.0,"{'subsample': 0.8, 'scale_pos_weight': 4, 'reg_lambda': 5, 'reg_alpha': 1.0, 'n_estimators': 600, 'min_child_weight': 20, 'max_depth': 4, 'learning_rate': 0.025, 'gamma': 0.25, 'colsample_bytree': 0.6}"
30,0.8147010840524086,0.019877118449223494,20.0,5.0,10.0,"{'subsample': 1.0, 'scale_pos_weight': 4, 'reg_lambda': 10, 'reg_alpha': 1.0, 'n_estimators': 1200, 'min_child_weight': 10, 'max_depth': 4, 'learning_rate': 0.015, 'gamma': 0.25, 'colsample_bytree': 0.6}"
31,0.8145435411580051,0.015999808303733258,20.0,5.0,15.0,"{'subsample': 0.6, 'scale_pos_weight': 4, 'reg_lambda': 20, 'reg_alpha': 1.0, 'n_estimators': 600, 'min_child_weight': 10, 'max_depth': 2, 'learning_rate': 0.05, 'gamma': 1.0, 'colsample_bytree': 0.6}"
32,0.8145269002481614,0.015230078337377771,20.0,5.0,10.0,"{'subsample': 0.8, 'scale_pos_weight': 12, 'reg_lambda': 10, 'reg_alpha': 1.0, 'n_estimators': 1200, 'min_child_weight': 30, 'max_depth': 2, 'learning_rate': 0.05, 'gamma': 0.5, 'colsample_bytree': 0.6}"
33,0.8142622934197217,0.01760046461160786,20.0,5.0,10.0,"{'subsample': 0.6, 'scale_pos_weight': 12, 'reg_lambda': 10, 'reg_alpha': 1.0, 'n_estimators': 1200, 'min_child_weight': 30, 'max_depth': 3, 'learning_rate': 0.05, 'gamma': 1.0, 'colsample_bytree': 0.6}"
34,0.8142107717550404,0.010330288467638482,20.0,5.0,15.0,"{'subsample': 1.0, 'scale_pos_weight': 8, 'reg_lambda': 10, 'reg_alpha': 0.1, 'n_estimators': 900, 'min_child_weight': 10, 'max_depth': 2, 'learning_rate': 0.05, 'gamma': 0.5, 'colsample_bytree': 0.8}"
35,0.8141781247027475,0.01712941712391906,20.0,5.0,10.0,"{'subsample': 1.0, 'scale_pos_weight': 8, 'reg_lambda': 10, 'reg_alpha': 0.0, 'n_estimators': 1200, 'min_child_weight': 30, 'max_depth': 3, 'learning_rate': 0.015, 'gamma': 0.25, 'colsample_bytree': 1.0}"
36,0.8140732262441226,0.015882776679867303,20.0,5.0,15.0,"{'subsample': 1.0, 'scale_pos_weight': 12, 'reg_lambda': 10, 'reg_alpha': 1.0, 'n_estimators': 1200, 'min_child_weight': 30, 'max_depth': 3, 'learning_rate': 0.025, 'gamma': 0.25, 'colsample_bytree': 1.0}"
37,0.8140322585522562,0.017080130127946687,20.0,5.0,10.0,"{'subsample': 0.6, 'scale_pos_weight': 4, 'reg_lambda': 10, 'reg_alpha': 0.1, 'n_estimators': 1200, 'min_child_weight': 20, 'max_depth': 4, 'learning_rate': 0.015, 'gamma': 0.25, 'colsample_bytree': 0.6}"
38,0.8138891737731493,0.021492012984015464,20.0,5.0,10.0,"{'subsample': 0.6, 'scale_pos_weight': 12, 'reg_lambda': 5, 'reg_alpha': 1.0, 'n_estimators': 600, 'min_child_weight': 10, 'max_depth': 4, 'learning_rate': 0.025, 'gamma': 1.0, 'colsample_bytree': 1.0}"
39,0.8138866619998192,0.020806914210536882,20.0,5.0,10.0,"{'subsample': 1.0, 'scale_pos_weight': 4, 'reg_lambda': 20, 'reg_alpha': 1.0, 'n_estimators': 600, 'min_child_weight': 30, 'max_depth': 4, 'learning_rate': 0.05, 'gamma': 0.25, 'colsample_bytree': 1.0}"
40,0.8137711366270775,0.018278953163970893,20.0,5.0,10.0,"{'subsample': 0.6, 'scale_pos_weight': 8, 'reg_lambda': 10, 'reg_alpha': 1.0, 'n_estimators': 1200, 'min_child_weight': 30, 'max_depth': 2, 'learning_rate': 0.025, 'gamma': 1.0, 'colsample_bytree': 0.6}"
41,0.8137054414962197,0.017674109737141744,20.0,5.0,10.0,"{'subsample': 0.8, 'scale_pos_weight': 8, 'reg_lambda': 10, 'reg_alpha': 1.0, 'n_estimators': 1200, 'min_child_weight': 10, 'max_depth': 3, 'learning_rate': 0.015, 'gamma': 1.0, 'colsample_bytree': 0.8}"
42,0.8136584352859557,0.021733969347946958,20.0,5.0,10.0,"{'subsample': 1.0, 'scale_pos_weight': 4, 'reg_lambda': 5, 'reg_alpha': 0.0, 'n_estimators': 900, 'min_child_weight': 10, 'max_depth': 4, 'learning_rate': 0.025, 'gamma': 1.0, 'colsample_bytree': 0.6}"
43,0.8135805140577992,0.015234328822899053,20.0,5.0,10.0,"{'subsample': 0.6, 'scale_pos_weight': 12, 'reg_lambda': 10, 'reg_alpha': 0.1, 'n_estimators': 1200, 'min_child_weight': 10, 'max_depth': 3, 'learning_rate': 0.05, 'gamma': 0.5, 'colsample_bytree': 0.8}"
44,0.8132961633172154,0.013396591322569507,20.0,5.0,15.0,"{'subsample': 0.8, 'scale_pos_weight': 8, 'reg_lambda': 20, 'reg_alpha': 0.1, 'n_estimators': 1200, 'min_child_weight': 30, 'max_depth': 3, 'learning_rate': 0.025, 'gamma': 1.0, 'colsample_bytree': 1.0}"
45,0.8132310090995107,0.01521698340879913,20.0,5.0,15.0,"{'subsample': 1.0, 'scale_pos_weight': 4, 'reg_lambda': 20, 'reg_alpha': 1.0, 'n_estimators': 900, 'min_child_weight': 10, 'max_depth': 4, 'learning_rate': 0.025, 'gamma': 0.25, 'colsample_bytree': 0.8}"
46,0.8129690028935526,0.01909063539455631,20.0,5.0,15.0,"{'subsample': 0.8, 'scale_pos_weight': 12, 'reg_lambda': 10, 'reg_alpha': 0.0, 'n_estimators': 1200, 'min_child_weight': 20, 'max_depth': 4, 'learning_rate': 0.025, 'gamma': 0.5, 'colsample_bytree': 0.6}"
47,0.8128538217352095,0.021747584090099924,20.0,5.0,10.0,"{'subsample': 1.0, 'scale_pos_weight': 12, 'reg_lambda': 10, 'reg_alpha': 0.1, 'n_estimators': 1200, 'min_child_weight': 30, 'max_depth': 4, 'learning_rate': 0.015, 'gamma': 1.0, 'colsample_bytree': 1.0}"
48,0.8128010801099272,0.019277257797728348,20.0,5.0,10.0,"{'subsample': 1.0, 'scale_pos_weight': 12, 'reg_lambda': 10, 'reg_alpha': 0.1, 'n_estimators': 900, 'min_child_weight': 30, 'max_depth': 4, 'learning_rate': 0.025, 'gamma': 0.25, 'colsample_bytree': 0.8}"
49,0.8126681399900153,0.018433821272704737,20.0,5.0,10.0,"{'subsample': 0.8, 'scale_pos_weight': 8, 'reg_lambda': 20, 'reg_alpha': 1.0, 'n_estimators': 600, 'min_child_weight': 30, 'max_depth': 4, 'learning_rate': 0.025, 'gamma': 0.25, 'colsample_bytree': 1.0}"
50,0.8124759086763234,0.012913283335011658,20.0,5.0,15.0,"{'subsample': 1.0, 'scale_pos_weight': 8, 'reg_lambda': 5, 'reg_alpha': 0.1, 'n_estimators': 900, 'min_child_weight': 30, 'max_depth': 2, 'learning_rate': 0.05, 'gamma': 0.5, 'colsample_bytree': 0.6}"
51,0.8124448235974534,0.01899273233736642,20.0,5.0,10.0,"{'subsample': 1.0, 'scale_pos_weight': 12, 'reg_lambda': 10, 'reg_alpha': 0.1, 'n_estimators': 600, 'min_child_weight': 30, 'max_depth': 4, 'learning_rate': 0.05, 'gamma': 0.5, 'colsample_bytree': 0.8}"
52,0.8124101752288752,0.01574150761527799,20.0,5.0,10.0,"{'subsample': 0.8, 'scale_pos_weight': 4, 'reg_lambda': 20, 'reg_alpha': 0.1, 'n_estimators': 600, 'min_child_weight': 20, 'max_depth': 4, 'learning_rate': 0.025, 'gamma': 1.0, 'colsample_bytree': 1.0}"
53,0.8122767288318312,0.015176201166495651,20.0,5.0,10.0,"{'subsample': 1.0, 'scale_pos_weight': 12, 'reg_lambda': 20, 'reg_alpha': 0.0, 'n_estimators': 900, 'min_child_weight': 30, 'max_depth': 3, 'learning_rate': 0.015, 'gamma': 1.0, 'colsample_bytree': 1.0}"
54,0.8121965651076988,0.018751613643476744,20.0,5.0,10.0,"{'subsample': 1.0, 'scale_pos_weight': 12, 'reg_lambda': 10, 'reg_alpha': 0.1, 'n_estimators': 1200, 'min_child_weight': 10, 'max_depth': 3, 'learning_rate': 0.05, 'gamma': 1.0, 'colsample_bytree': 0.6}"
55,0.8121650568572583,0.012624949717328192,20.0,5.0,15.0,"{'subsample': 0.6, 'scale_pos_weight': 4, 'reg_lambda': 5, 'reg_alpha': 1.0, 'n_estimators': 1200, 'min_child_weight': 20, 'max_depth': 2, 'learning_rate': 0.05, 'gamma': 0.5, 'colsample_bytree': 0.6}"
56,0.8121284131746946,0.018343738575536072,20.0,5.0,10.0,"{'subsample': 1.0, 'scale_pos_weight': 8, 'reg_lambda': 20, 'reg_alpha': 0.1, 'n_estimators': 900, 'min_child_weight': 10, 'max_depth': 3, 'learning_rate': 0.015, 'gamma': 0.25, 'colsample_bytree': 0.6}"
57,0.8120482087248844,0.01575286621279309,20.0,5.0,10.0,"{'subsample': 1.0, 'scale_pos_weight': 4, 'reg_lambda': 5, 'reg_alpha': 0.0, 'n_estimators': 600, 'min_child_weight': 20, 'max_depth': 4, 'learning_rate': 0.025, 'gamma': 0.25, 'colsample_bytree': 0.6}"
58,0.8119360556041527,0.016572266383601396,20.0,5.0,10.0,"{'subsample': 0.6, 'scale_pos_weight': 4, 'reg_lambda': 10, 'reg_alpha': 0.0, 'n_estimators': 1200, 'min_child_weight': 20, 'max_depth': 4, 'learning_rate': 0.015, 'gamma': 0.5, 'colsample_bytree': 0.6}"
59,0.8118026404124472,0.015683207044225152,20.0,5.0,10.0,"{'subsample': 1.0, 'scale_pos_weight': 4, 'reg_lambda': 20, 'reg_alpha': 0.0, 'n_estimators': 1200, 'min_child_weight': 20, 'max_depth': 2, 'learning_rate': 0.025, 'gamma': 0.25, 'colsample_bytree': 0.6}"
60,0.8116417549026304,0.019408627603967162,20.0,5.0,10.0,"{'subsample': 0.6, 'scale_pos_weight': 12, 'reg_lambda': 10, 'reg_alpha': 1.0, 'n_estimators': 600, 'min_child_weight': 20, 'max_depth': 4, 'learning_rate': 0.025, 'gamma': 0.25, 'colsample_bytree': 1.0}"
61,0.8112308288562002,0.01734403022468007,20.0,5.0,10.0,"{'subsample': 0.8, 'scale_pos_weight': 12, 'reg_lambda': 20, 'reg_alpha': 0.1, 'n_estimators': 600, 'min_child_weight': 10, 'max_depth': 3, 'learning_rate': 0.025, 'gamma': 1.0, 'colsample_bytree': 0.8}"
62,0.8111225373503677,0.01618848916807986,20.0,5.0,10.0,"{'subsample': 1.0, 'scale_pos_weight': 4, 'reg_lambda': 10, 'reg_alpha': 1.0, 'n_estimators': 600, 'min_child_weight': 30, 'max_depth': 4, 'learning_rate': 0.05, 'gamma': 1.0, 'colsample_bytree': 0.8}"
63,0.8109786922943081,0.021044628074526606,20.0,5.0,10.0,"{'subsample': 0.8, 'scale_pos_weight': 8, 'reg_lambda': 20, 'reg_alpha': 0.1, 'n_estimators': 600, 'min_child_weight': 20, 'max_depth': 3, 'learning_rate': 0.015, 'gamma': 0.25, 'colsample_bytree': 0.6}"
64,0.8106956992440933,0.021987635833443354,20.0,5.0,10.0,"{'subsample': 0.6, 'scale_pos_weight': 4, 'reg_lambda': 5, 'reg_alpha': 0.0, 'n_estimators': 600, 'min_child_weight': 30, 'max_depth': 2, 'learning_rate': 0.025, 'gamma': 1.0, 'colsample_bytree': 0.6}"
65,0.8104402287365663,0.014727499975926562,20.0,5.0,15.0,"{'subsample': 1.0, 'scale_pos_weight': 4, 'reg_lambda': 10, 'reg_alpha': 0.0, 'n_estimators': 900, 'min_child_weight': 10, 'max_depth': 2, 'learning_rate': 0.025, 'gamma': 0.25, 'colsample_bytree': 0.8}"
66,0.8101850707973,0.023544982195280992,20.0,5.0,10.0,"{'subsample': 0.6, 'scale_pos_weight': 4, 'reg_lambda': 5, 'reg_alpha': 0.1, 'n_estimators': 1200, 'min_child_weight': 10, 'max_depth': 2, 'learning_rate': 0.015, 'gamma': 0.25, 'colsample_bytree': 0.6}"
67,0.8098946780439291,0.017874325612881773,20.0,5.0,10.0,"{'subsample': 1.0, 'scale_pos_weight': 12, 'reg_lambda': 5, 'reg_alpha': 0.0, 'n_estimators': 1200, 'min_child_weight': 10, 'max_depth': 4, 'learning_rate': 0.015, 'gamma': 0.25, 'colsample_bytree': 1.0}"
68,0.8098104815748454,0.020742757508452447,20.0,5.0,10.0,"{'subsample': 1.0, 'scale_pos_weight': 12, 'reg_lambda': 10, 'reg_alpha': 0.1, 'n_estimators': 600, 'min_child_weight': 10, 'max_depth': 2, 'learning_rate': 0.025, 'gamma': 0.5, 'colsample_bytree': 0.6}"
69,0.8097092162705457,0.017451055486724515,20.0,5.0,10.0,"{'subsample': 0.8, 'scale_pos_weight': 4, 'reg_lambda': 20, 'reg_alpha': 1.0, 'n_estimators': 900, 'min_child_weight': 30, 'max_depth': 3, 'learning_rate': 0.025, 'gamma': 0.25, 'colsample_bytree': 0.6}"
70,0.8095517003818613,0.018493124107805358,20.0,5.0,10.0,"{'subsample': 0.8, 'scale_pos_weight': 12, 'reg_lambda': 10, 'reg_alpha': 0.0, 'n_estimators': 600, 'min_child_weight': 30, 'max_depth': 4, 'learning_rate': 0.05, 'gamma': 1.0, 'colsample_bytree': 1.0}"
71,0.8095248244564113,0.017561862534697666,20.0,5.0,10.0,"{'subsample': 0.8, 'scale_pos_weight': 8, 'reg_lambda': 10, 'reg_alpha': 0.1, 'n_estimators': 600, 'min_child_weight': 10, 'max_depth': 3, 'learning_rate': 0.015, 'gamma': 0.25, 'colsample_bytree': 0.6}"
72,0.8093043718574362,0.018631811097284727,20.0,5.0,10.0,"{'subsample': 1.0, 'scale_pos_weight': 12, 'reg_lambda': 10, 'reg_alpha': 0.0, 'n_estimators': 600, 'min_child_weight': 30, 'max_depth': 4, 'learning_rate': 0.05, 'gamma': 1.0, 'colsample_bytree': 0.6}"
73,0.8092148810583155,0.023083943934866773,20.0,5.0,10.0,"{'subsample': 0.6, 'scale_pos_weight': 8, 'reg_lambda': 5, 'reg_alpha': 0.0, 'n_estimators': 600, 'min_child_weight': 20, 'max_depth': 2, 'learning_rate': 0.025, 'gamma': 0.25, 'colsample_bytree': 0.6}"
74,0.8092098552402491,0.018164119983092166,20.0,5.0,10.0,"{'subsample': 0.8, 'scale_pos_weight': 8, 'reg_lambda': 5, 'reg_alpha': 0.0, 'n_estimators': 600, 'min_child_weight': 30, 'max_depth': 3, 'learning_rate': 0.015, 'gamma': 1.0, 'colsample_bytree': 1.0}"
75,0.8092017644483585,0.01720478244317126,20.0,5.0,10.0,"{'subsample': 0.8, 'scale_pos_weight': 4, 'reg_lambda': 20, 'reg_alpha': 0.1, 'n_estimators': 900, 'min_child_weight': 10, 'max_depth': 4, 'learning_rate': 0.015, 'gamma': 0.25, 'colsample_bytree': 0.6}"
76,0.809142436589298,0.018380360950515602,20.0,5.0,10.0,"{'subsample': 0.8, 'scale_pos_weight': 12, 'reg_lambda': 20, 'reg_alpha': 0.1, 'n_estimators': 600, 'min_child_weight': 30, 'max_depth': 3, 'learning_rate': 0.015, 'gamma': 0.25, 'colsample_bytree': 0.6}"
77,0.8091182128733954,0.016129498357298634,20.0,5.0,10.0,"{'subsample': 0.8, 'scale_pos_weight': 4, 'reg_lambda': 20, 'reg_alpha': 0.1, 'n_estimators': 1200, 'min_child_weight': 10, 'max_depth': 3, 'learning_rate': 0.05, 'gamma': 0.25, 'colsample_bytree': 0.6}"
78,0.8090247135304158,0.01842139849354449,20.0,5.0,10.0,"{'subsample': 0.8, 'scale_pos_weight': 8, 'reg_lambda': 20, 'reg_alpha': 0.1, 'n_estimators': 600, 'min_child_weight': 30, 'max_depth': 3, 'learning_rate': 0.015, 'gamma': 0.5, 'colsample_bytree': 1.0}"
79,0.8089692956906072,0.016471829411922895,20.0,5.0,10.0,"{'subsample': 0.6, 'scale_pos_weight': 8, 'reg_lambda': 20, 'reg_alpha': 0.0, 'n_estimators': 600, 'min_child_weight': 30, 'max_depth': 3, 'learning_rate': 0.015, 'gamma': 0.5, 'colsample_bytree': 0.8}"
80,0.8085955691946888,0.01749946851536867,20.0,5.0,10.0,"{'subsample': 0.8, 'scale_pos_weight': 12, 'reg_lambda': 10, 'reg_alpha': 0.1, 'n_estimators': 900, 'min_child_weight': 30, 'max_depth': 4, 'learning_rate': 0.015, 'gamma': 0.25, 'colsample_bytree': 1.0}"
81,0.8085231250522522,0.017145067882601773,20.0,5.0,10.0,"{'subsample': 1.0, 'scale_pos_weight': 12, 'reg_lambda': 10, 'reg_alpha': 0.1, 'n_estimators': 600, 'min_child_weight': 20, 'max_depth': 3, 'learning_rate': 0.015, 'gamma': 0.25, 'colsample_bytree': 0.6}"
82,0.8084937359460032,0.014699658703129021,20.0,5.0,10.0,"{'subsample': 0.8, 'scale_pos_weight': 4, 'reg_lambda': 5, 'reg_alpha': 0.1, 'n_estimators': 1200, 'min_child_weight': 20, 'max_depth': 4, 'learning_rate': 0.05, 'gamma': 0.25, 'colsample_bytree': 0.6}"
83,0.8084017050719909,0.011068547093881487,20.0,5.0,10.0,"{'subsample': 1.0, 'scale_pos_weight': 4, 'reg_lambda': 5, 'reg_alpha': 0.0, 'n_estimators': 1200, 'min_child_weight': 10, 'max_depth': 4, 'learning_rate': 0.05, 'gamma': 1.0, 'colsample_bytree': 0.6}"
84,0.8082802176722592,0.01832670828492531,20.0,5.0,10.0,"{'subsample': 1.0, 'scale_pos_weight': 8, 'reg_lambda': 5, 'reg_alpha': 1.0, 'n_estimators': 600, 'min_child_weight': 20, 'max_depth': 3, 'learning_rate': 0.015, 'gamma': 0.25, 'colsample_bytree': 1.0}"
85,0.8082004145105239,0.02213743653380574,20.0,5.0,10.0,"{'subsample': 1.0, 'scale_pos_weight': 12, 'reg_lambda': 20, 'reg_alpha': 0.1, 'n_estimators': 600, 'min_child_weight': 10, 'max_depth': 2, 'learning_rate': 0.025, 'gamma': 0.25, 'colsample_bytree': 1.0}"
86,0.8076278940272359,0.01652623678205374,20.0,5.0,10.0,"{'subsample': 1.0, 'scale_pos_weight': 8, 'reg_lambda': 20, 'reg_alpha': 0.0, 'n_estimators': 600, 'min_child_weight': 20, 'max_depth': 4, 'learning_rate': 0.015, 'gamma': 0.25, 'colsample_bytree': 1.0}"
87,0.8076252229078682,0.023539353829428955,20.0,5.0,10.0,"{'subsample': 0.8, 'scale_pos_weight': 4, 'reg_lambda': 20, 'reg_alpha': 0.0, 'n_estimators': 600, 'min_child_weight': 20, 'max_depth': 2, 'learning_rate': 0.025, 'gamma': 0.5, 'colsample_bytree': 0.8}"
88,0.8074758171864584,0.015681747317262358,20.0,5.0,15.0,"{'subsample': 1.0, 'scale_pos_weight': 12, 'reg_lambda': 20, 'reg_alpha': 1.0, 'n_estimators': 1200, 'min_child_weight': 30, 'max_depth': 3, 'learning_rate': 0.05, 'gamma': 1.0, 'colsample_bytree': 1.0}"
89,0.8064289099654343,0.02349242436847432,20.0,5.0,10.0,"{'subsample': 0.6, 'scale_pos_weight': 8, 'reg_lambda': 20, 'reg_alpha': 0.0, 'n_estimators': 600, 'min_child_weight': 30, 'max_depth': 2, 'learning_rate': 0.015, 'gamma': 1.0, 'colsample_bytree': 1.0}"
90,0.8063183727767342,0.02066395478390716,20.0,5.0,10.0,"{'subsample': 0.6, 'scale_pos_weight': 12, 'reg_lambda': 20, 'reg_alpha': 1.0, 'n_estimators': 600, 'min_child_weight': 30, 'max_depth': 4, 'learning_rate': 0.05, 'gamma': 0.25, 'colsample_bytree': 0.6}"
91,0.8060299558470309,0.012937751625421266,20.0,5.0,10.0,"{'subsample': 0.6, 'scale_pos_weight': 8, 'reg_lambda': 10, 'reg_alpha': 0.0, 'n_estimators': 900, 'min_child_weight': 20, 'max_depth': 4, 'learning_rate': 0.05, 'gamma': 0.25, 'colsample_bytree': 0.8}"
92,0.8054466628901331,0.011166080171546994,20.0,5.0,15.0,"{'subsample': 1.0, 'scale_pos_weight': 12, 'reg_lambda': 5, 'reg_alpha': 1.0, 'n_estimators': 900, 'min_child_weight': 10, 'max_depth': 4, 'learning_rate': 0.05, 'gamma': 0.25, 'colsample_bytree': 0.8}"
93,0.804835545982409,0.018491166348979165,20.0,5.0,10.0,"{'subsample': 1.0, 'scale_pos_weight': 12, 'reg_lambda': 20, 'reg_alpha': 1.0, 'n_estimators': 900, 'min_child_weight': 10, 'max_depth': 2, 'learning_rate': 0.015, 'gamma': 0.25, 'colsample_bytree': 0.6}"
94,0.8048243341298238,0.012652358972558682,20.0,5.0,10.0,"{'subsample': 0.6, 'scale_pos_weight': 4, 'reg_lambda': 10, 'reg_alpha': 1.0, 'n_estimators': 900, 'min_child_weight': 20, 'max_depth': 4, 'learning_rate': 0.05, 'gamma': 1.0, 'colsample_bytree': 1.0}"
95,0.804700637695524,0.020072643689328266,20.0,5.0,10.0,"{'subsample': 1.0, 'scale_pos_weight': 8, 'reg_lambda': 5, 'reg_alpha': 0.0, 'n_estimators': 900, 'min_child_weight': 10, 'max_depth': 2, 'learning_rate': 0.015, 'gamma': 0.25, 'colsample_bytree': 0.8}"
96,0.8042771564955329,0.02109756197721531,20.0,5.0,10.0,"{'subsample': 0.6, 'scale_pos_weight': 12, 'reg_lambda': 10, 'reg_alpha': 1.0, 'n_estimators': 600, 'min_child_weight': 20, 'max_depth': 2, 'learning_rate': 0.015, 'gamma': 0.5, 'colsample_bytree': 0.6}"
97,0.8038854875037209,0.019340486178691683,20.0,5.0,10.0,"{'subsample': 1.0, 'scale_pos_weight': 4, 'reg_lambda': 20, 'reg_alpha': 1.0, 'n_estimators': 600, 'min_child_weight': 30, 'max_depth': 2, 'learning_rate': 0.025, 'gamma': 0.25, 'colsample_bytree': 0.6}"
98,0.803336725655762,0.021214599609922107,20.0,5.0,10.0,"{'subsample': 0.8, 'scale_pos_weight': 12, 'reg_lambda': 20, 'reg_alpha': 0.1, 'n_estimators': 600, 'min_child_weight': 20, 'max_depth': 2, 'learning_rate': 0.015, 'gamma': 1.0, 'colsample_bytree': 0.6}"
99,0.8024012599475568,0.019214916360428567,20.0,5.0,15.0,"{'subsample': 0.8, 'scale_pos_weight': 12, 'reg_lambda': 10, 'reg_alpha': 1.0, 'n_estimators': 600, 'min_child_weight': 20, 'max_depth': 2, 'learning_rate': 0.015, 'gamma': 0.5, 'colsample_bytree': 0.8}"
100,0.7990442691194175,0.01990910964020188,20.0,5.0,10.0,"{'subsample': 1.0, 'scale_pos_weight': 12, 'reg_lambda': 10, 'reg_alpha': 0.1, 'n_estimators': 600, 'min_child_weight': 20, 'max_depth': 2, 'learning_rate': 0.015, 'gamma': 0.5, 'colsample_bytree': 0.8}"
